product_id,product_category_name,month_year,qty,total_price,freight_price,unit_price,product_score,customers,weekday,weekend,holiday,month,year,lag_price,comp_1,ps1,fp1,comp_2,ps2,fp2,comp_3,ps3,fp3
P0001,electronics,2017-01,43.32,2513.62,11.46,58.03,3.73,33,20,8,0,1,2017,58.03,56.14,4.14,5.9,40.11,4.03,7.98,77.7,4.7,5.64
P0001,electronics,2017-02,43.62,2598.19,11.95,59.56,3.73,27,18,8,0,2,2017,58.03,57.3,4.28,6.23,72.43,4.52,5.55,58.97,3.92,10.92
P0001,electronics,2017-03,53.03,3122.27,10.62,58.88,3.73,49,20,8,0,3,2017,59.56,38.85,3.72,4.87,36.54,3.89,5.56,45.96,4.73,8.14
P0001,electronics,2017-04,57.16,3202.21,9.73,56.02,3.73,37,20,8,0,4,2017,58.88,66.96,3.29,9.97,34.61,4.11,5.71,42.54,4.44,2.42
P0001,electronics,2017-05,70.76,4138.12,11.59,58.48,3.73,41,20,8,0,5,2017,56.02,49.18,4.2,4.77,23.69,3.41,1.82,36.71,4.54,4.21
P0001,electronics,2017-06,50.06,3006.42,12.03,60.06,3.73,46,20,8,0,6,2017,58.48,84.12,3.36,11.13,69.81,3.3,5.34,86.02,3.2,14.53
P0001,electronics,2017-07,41.45,2447.51,10.95,59.05,3.73,47,20,8,0,7,2017,60.06,60.34,4.27,5.56,77.08,4.28,14.81,65.58,3.61,9.12
P0001,electronics,2017-08,35.33,2200.33,12.04,62.29,3.73,27,20,8,0,8,2017,59.05,72.84,3.99,4.75,76.71,4.28,14.72,57.09,4.29,5.01
P0001,electronics,2017-09,24.47,1489.0,10.4,60.86,3.73,19,20,8,0,9,2017,62.29,56.0,4.25,4.28,74.39,4.24,7.39,129.8,4.04,17.24
P0001,electronics,2017-10,32.65,1903.31,11.31,58.3,3.73,18,20,8,0,10,2017,60.86,32.54,3.88,1.58,30.92,3.76,2.35,44.5,4.28,8.58
P0001,electronics,2017-11,39.34,2273.7,11.03,57.8,3.73,28,20,8,1,11,2017,58.3,32.83,3.96,2.8,45.99,4.36,9.2,39.5,4.07,4.06
P0001,electronics,2017-12,37.6,2236.21,12.16,59.47,3.73,20,20,8,1,12,2017,57.8,33.43,4.38,3.94,129.74,3.74,15.55,54.27,4.18,10.02
P0001,electronics,2018-01,50.04,2875.46,11.32,57.46,3.73,35,20,8,0,1,2018,59.47,52.6,3.62,9.25,32.13,2.46,5.45,31.61,4.94,6.24
P0001,electronics,2018-02,59.21,3592.66,12.29,60.67,3.73,65,18,8,0,2,2018,57.46,35.71,2.4,6.19,49.21,3.83,5.64,50.3,3.74,8.42
P0001,electronics,2018-03,55.13,3227.78,10.8,58.55,3.73,40,20,8,0,3,2018,60.67,123.8,3.76,17.53,140.31,3.25,22.57,104.82,3.56,7.03
P0002,electronics,2017-01,21.5,1375.02,10.46,63.96,3.37,23,20,8,0,1,2017,63.96,46.48,4.96,9.14,49.39,4.67,7.59,58.54,3.53,7.81
P0002,electronics,2017-02,21.95,1420.48,11.62,64.71,3.37,18,18,8,0,2,2017,63.96,58.62,4.04,5.84,43.99,4.78,7.34,52.31,3.57,7.8
P0002,electronics,2017-03,37.92,2428.47,10.55,64.05,3.37,39,20,8,0,3,2017,64.71,44.26,3.63,2.95,40.96,3.83,5.14,35.07,4.06,5.21
P0002,electronics,2017-04,26.73,1758.19,12.36,65.78,3.37,12,20,8,0,4,2017,64.05,46.19,4.17,4.88,60.33,3.78,11.32,23.09,3.42,1.99
P0002,electronics,2017-05,29.14,1819.64,10.63,62.44,3.37,35,20,8,0,5,2017,65.78,48.81,4.15,4.53,35.76,4.16,5.5,23.33,3.45,1.96
P0002,electronics,2017-06,29.24,1898.94,11.19,64.94,3.37,17,20,8,0,6,2017,62.44,92.2,3.35,14.3,84.43,3.49,11.43,68.91,3.36,5.33
P0002,electronics,2017-07,22.09,1422.99,11.21,64.41,3.37,25,20,8,0,7,2017,64.94,65.6,4.47,6.28,78.12,4.14,4.88,80.43,4.34,14.29
P0002,electronics,2017-08,23.93,1509.24,10.88,63.06,3.37,23,20,8,0,8,2017,64.41,78.44,4.32,15.26,77.39,3.47,5.31,53.12,3.98,8.57
P0002,electronics,2017-09,14.81,952.43,11.03,64.33,3.37,14,20,8,0,9,2017,63.06,53.92,4.2,4.28,96.66,4.66,14.7,72.53,4.29,3.72
P0002,electronics,2017-10,18.66,1230.93,11.55,65.98,3.37,14,20,8,0,10,2017,64.33,35.58,4.21,6.07,31.9,4.23,2.63,22.59,4.14,1.29
P0002,electronics,2017-11,20.98,1402.82,12.07,66.85,3.37,18,20,8,1,11,2017,65.98,33.04,3.83,2.93,23.78,4.23,2.52,22.97,4.06,1.39
P0002,electronics,2017-12,22.37,1563.43,12.64,69.88,3.37,9,20,8,1,12,2017,66.85,31.64,4.25,3.72,61.19,3.41,4.25,120.93,3.68,15.16
P0002,electronics,2018-01,18.2,1287.72,12.43,70.74,3.37,13,20,8,0,1,2018,69.88,71.82,3.7,4.28,105.08,4.19,20.16,46.2,3.85,6.03
P0002,electronics,2018-02,18.47,1327.28,11.69,71.85,3.37,16,18,8,0,2,2018,70.74,103.38,4.23,16.56,47.57,3.88,5.96,34.61,4.87,6.8
P0002,electronics,2018-03,21.76,1510.05,10.9,69.39,3.37,10,20,8,0,3,2018,71.85,98.19,3.29,10.49,97.27,3.26,12.24,102.43,3.55,6.89
P0003,electronics,2017-01,39.09,913.75,1.93,23.37,3.38,39,20,8,0,1,2017,23.37,54.69,4.01,9.85,41.36,4.01,8.41,56.82,3.39,7.85
P0003,electronics,2017-02,30.69,729.09,1.66,23.76,3.38,25,18,8,0,2,2017,23.37,42.53,4.76,7.48,52.3,4.55,8.38,41.29,3.97,6.99
P0003,electronics,2017-03,45.38,1074.32,1.68,23.68,3.38,33,20,8,0,3,2017,23.76,43.75,3.72,3.04,38.19,4.4,4.29,44.3,4.86,7.57
P0003,electronics,2017-04,38.22,910.88,1.98,23.83,3.38,29,20,8,0,4,2017,23.68,63.43,3.4,10.25,58.03,3.71,11.47,45.1,4.18,4.71
P0003,electronics,2017-05,34.59,831.79,1.97,24.05,3.38,14,20,8,0,5,2017,23.83,36.97,4.5,2.15,36.28,4.53,4.32,46.49,4.88,5.61
P0003,electronics,2017-06,33.23,815.13,1.73,24.53,3.38,15,20,8,0,6,2017,24.05,88.78,3.37,14.46,112.94,3.64,8.26,90.55,3.41,11.16
P0003,electronics,2017-07,30.44,738.8,2.02,24.27,3.38,21,20,8,0,7,2017,24.53,55.23,4.02,8.98,71.74,3.95,4.71,66.49,3.45,4.36
P0003,electronics,2017-08,26.56,634.38,1.67,23.88,3.38,9,20,8,0,8,2017,24.27,59.95,3.71,8.6,52.59,4.21,5.03,77.76,3.34,5.46
P0003,electronics,2017-09,28.0,650.0,1.66,23.22,3.38,23,20,8,0,9,2017,23.88,77.01,4.19,3.83,53.0,3.29,7.63,66.04,3.63,11.82
P0003,electronics,2017-10,29.65,670.27,1.74,22.6,3.38,17,20,8,0,10,2017,23.22,37.17,4.11,5.76,44.41,4.18,9.13,32.52,3.9,1.57
P0003,electronics,2017-11,34.78,818.27,1.9,23.53,3.38,18,20,8,1,11,2017,22.6,32.16,3.89,2.96,23.06,4.09,1.37,34.27,4.22,3.21
P0003,electronics,2017-12,43.57,1021.1,1.83,23.44,3.38,43,20,8,1,12,2017,23.53,118.2,3.68,14.99,33.76,4.38,4.09,125.88,3.73,15.17
P0003,electronics,2018-01,30.04,719.91,1.86,23.97,3.38,29,20,8,0,1,2018,23.44,33.27,2.41,5.02,50.55,3.78,9.03,51.41,3.61,9.17
P0003,electronics,2018-02,46.47,1066.84,1.83,22.96,3.38,24,18,8,0,2,2018,23.97,53.34,3.48,10.31,112.96,4.41,16.16,71.81,3.79,3.88
P0003,electronics,2018-03,39.47,854.79,1.75,21.65,3.38,25,20,8,0,3,2018,22.96,102.45,3.37,10.89,91.27,3.34,12.26,102.75,3.74,7.24
P0004,electronics,2017-01,59.11,2437.1,2.34,41.23,4.52,45,20,8,0,1,2017,41.23,45.04,4.94,8.98,55.41,2.86,10.45,72.39,4.57,5.95
P0004,electronics,2017-02,52.81,2265.02,2.34,42.89,4.52,38,18,8,0,2,2017,41.23,38.51,3.99,6.42,74.75,4.69,5.26,55.47,4.41,8.39
P0004,electronics,2017-03,55.92,2472.25,2.35,44.21,4.52,50,20,8,0,3,2017,42.89,62.91,4.38,5.71,39.09,4.59,4.4,46.76,3.73,3.12
P0004,electronics,2017-04,70.48,3128.18,2.31,44.39,4.52,52,20,8,0,4,2017,44.21,59.8,3.67,11.79,44.21,4.87,6.29,38.81,4.39,3.81
P0004,electronics,2017-05,57.9,2494.67,2.22,43.09,4.52,46,20,8,0,5,2017,44.39,33.04,4.15,5.29,24.62,3.47,1.85,48.83,4.65,5.88
P0004,electronics,2017-06,71.35,3056.81,2.44,42.84,4.52,41,20,8,0,6,2017,43.09,64.36,3.33,5.21,115.16,3.66,7.63,64.18,4.21,10.6
P0004,electronics,2017-07,48.39,2052.58,2.43,42.42,4.52,50,20,8,0,7,2017,42.84,55.99,4.35,5.15,58.22,4.05,8.83,75.68,3.94,4.59
P0004,electronics,2017-08,49.17,2065.39,2.42,42.0,4.52,38,20,8,0,8,2017,42.42,63.19,4.37,5.72,55.86,4.2,5.23,75.92,4.26,15.25
P0004,electronics,2017-09,37.55,1460.38,2.28,38.89,4.52,31,20,8,0,9,2017,42.0,130.28,4.01,17.89,70.89,3.56,5.35,70.86,4.23,7.27
P0004,electronics,2017-10,52.99,2031.8,2.11,38.34,4.52,40,20,8,0,10,2017,38.89,31.53,4.22,2.63,34.48,3.85,1.69,37.1,4.08,4.14
P0004,electronics,2017-11,66.4,2571.81,2.18,38.73,4.52,65,20,8,1,11,2017,38.34,33.05,3.85,2.05,23.73,4.17,1.32,23.64,4.16,2.42
P0004,electronics,2017-12,50.52,2083.66,2.29,41.25,4.52,47,20,8,1,12,2017,38.73,76.21,4.77,11.8,75.57,4.86,13.5,33.31,4.4,3.94
P0004,electronics,2018-01,71.93,2995.8,2.36,41.65,4.52,44,20,8,0,1,2018,41.25,30.28,4.43,2.64,49.55,3.91,5.86,31.19,4.89,6.28
P0004,electronics,2018-02,58.12,2532.7,2.33,43.58,4.52,37,18,8,0,2,2018,41.65,106.75,4.3,16.19,47.24,3.93,5.91,30.42,4.26,2.73
P0004,electronics,2018-03,74.21,3185.34,2.21,42.92,4.52,62,20,8,0,3,2018,43.58,125.46,3.66,16.74,93.53,3.39,12.25,162.7,4.04,28.68
P0005,electronics,2017-01,51.27,1950.79,3.71,38.05,4.45,39,20,8,0,1,2017,38.05,46.98,4.93,8.67,54.12,2.77,10.08,42.26,4.04,7.82
P0005,electronics,2017-02,85.67,2878.9,3.33,33.61,4.45,57,18,8,0,2,2017,38.05,58.01,4.08,10.11,72.29,4.67,5.29,41.83,4.81,7.52
P0005,electronics,2017-03,60.24,2099.22,3.97,34.85,4.45,51,20,8,0,3,2017,33.61,38.87,3.82,5.15,43.96,3.78,3.13,42.72,4.67,8.08
P0005,electronics,2017-04,59.46,2140.54,3.58,36.0,4.45,53,20,8,0,4,2017,34.85,22.51,3.48,1.94,39.56,4.4,2.4,62.95,3.27,10.62
P0005,electronics,2017-05,61.75,2369.78,3.82,38.38,4.45,41,20,8,0,5,2017,36.0,49.91,4.78,6.09,23.98,3.47,1.83,57.51,3.64,10.55
P0005,electronics,2017-06,56.87,2150.53,4.01,37.81,4.45,43,20,8,0,6,2017,38.38,107.61,3.7,7.83,114.12,4.4,11.16,64.22,4.22,10.92
P0005,electronics,2017-07,48.39,1838.67,3.99,38.0,4.45,36,20,8,0,7,2017,37.81,67.6,4.5,5.96,76.94,4.26,14.6,53.34,5.13,9.97
P0005,electronics,2017-08,42.17,1570.32,4.0,37.24,4.45,33,20,8,0,8,2017,38.0,57.21,4.95,9.02,75.68,3.43,5.3,59.94,3.75,8.23
P0005,electronics,2017-09,54.79,1975.34,3.76,36.05,4.45,53,20,8,0,9,2017,37.24,76.19,4.25,3.82,119.09,4.14,18.28,69.71,3.57,5.11
P0005,electronics,2017-10,36.49,1297.92,3.51,35.57,4.45,34,20,8,0,10,2017,36.05,36.69,4.25,5.71,42.0,4.24,8.82,23.38,4.15,2.76
P0005,electronics,2017-11,63.4,2256.59,4.18,35.59,4.45,44,20,8,1,11,2017,35.57,34.93,3.84,2.01,35.39,4.03,3.14,46.83,4.38,9.71
P0005,electronics,2017-12,50.66,1902.79,3.89,37.56,4.45,38,20,8,1,12,2017,35.59,55.78,4.3,10.38,102.47,3.37,18.34,122.24,3.7,13.88
P0005,electronics,2018-01,57.09,2151.04,4.33,37.68,4.45,34,20,8,0,1,2018,37.56,47.24,3.79,9.32,29.27,4.39,2.82,54.41,3.55,9.24
P0005,electronics,2018-02,66.85,2464.84,4.34,36.87,4.45,60,18,8,0,2,2018,37.68,49.23,3.89,5.77,107.01,4.18,16.07,35.99,2.39,6.07
P0005,electronics,2018-03,68.31,2544.68,3.76,37.25,4.45,60,20,8,0,3,2018,36.87,106.15,3.71,7.35,128.55,3.78,17.36,104.07,3.33,10.98
P0006,electronics,2017-01,23.61,843.73,5.66,35.73,4.11,23,20,8,0,1,2017,35.73,43.16,4.87,9.24,71.9,4.6,5.55,51.74,2.78,9.87
P0006,electronics,2017-02,27.9,975.94,5.36,34.97,4.11,20,18,8,0,2,2017,35.73,42.02,4.82,7.46,53.14,4.64,8.01,72.16,4.49,5.2
P0006,electronics,2017-03,34.16,1238.95,5.62,36.27,4.11,26,20,8,0,3,2017,34.97,39.09,3.9,4.94,38.21,4.04,5.56,66.25,4.49,5.73
P0006,electronics,2017-04,42.85,1462.99,5.36,34.14,4.11,28,20,8,0,4,2017,36.27,37.68,4.5,3.6,65.87,3.29,10.24,23.33,3.3,1.97
P0006,electronics,2017-05,34.14,1164.87,4.93,34.12,4.11,24,20,8,0,5,2017,34.14,40.34,4.53,2.19,50.4,4.07,4.59,46.17,4.62,5.79
P0006,electronics,2017-06,39.16,1371.89,5.08,35.03,4.11,32,20,8,0,6,2017,34.12,89.29,3.3,15.25,108.69,4.33,11.22,88.41,3.55,11.39
P0006,electronics,2017-07,33.41,1125.18,5.52,33.68,4.11,21,20,8,0,7,2017,35.03,71.1,3.4,4.28,63.76,3.64,8.46,82.15,4.31,15.02
P0006,electronics,2017-08,25.05,860.13,5.14,34.34,4.11,21,20,8,0,8,2017,33.68,64.2,3.65,8.51,59.87,4.45,6.02,77.26,3.32,5.43
P0006,electronics,2017-09,30.25,1085.69,5.82,35.89,4.11,12,20,8,0,9,2017,34.34,69.16,4.3,7.66,62.88,3.58,11.91,78.33,4.15,3.74
P0006,electronics,2017-10,18.1,657.06,5.72,36.31,4.11,12,20,8,0,10,2017,35.89,36.85,4.02,4.09,35.56,4.26,5.69,30.97,3.94,2.22
P0006,electronics,2017-11,30.73,1056.71,5.51,34.39,4.11,20,20,8,1,11,2017,36.31,47.07,4.35,9.86,33.26,3.86,2.79,35.69,4.09,3.22
P0006,electronics,2017-12,34.88,1178.39,5.62,33.78,4.11,37,20,8,1,12,2017,34.39,76.27,4.85,12.52,130.43,3.69,16.32,58.91,3.45,3.88
P0006,electronics,2018-01,26.08,921.77,5.3,35.35,4.11,27,20,8,0,1,2018,33.78,33.16,4.77,6.17,112.99,4.2,19.54,47.21,3.66,9.55
P0006,electronics,2018-02,25.8,920.66,5.89,35.69,4.11,11,18,8,0,2,2018,35.35,52.24,3.51,10.04,104.04,4.18,16.38,48.03,3.79,9.0
P0006,electronics,2018-03,34.78,1239.84,5.82,35.65,4.11,22,20,8,0,3,2018,35.69,157.72,3.92,29.11,92.79,3.25,11.93,142.55,3.17,22.2
P0007,electronics,2017-01,48.35,2186.17,4.66,45.21,4.11,37,20,8,0,1,2017,45.21,58.06,4.1,10.05,39.86,4.05,8.04,72.29,4.61,5.77
P0007,electronics,2017-02,76.26,3514.66,4.44,46.09,4.11,58,18,8,0,2,2017,45.21,55.73,4.25,6.29,55.55,4.11,10.65,54.74,4.41,8.17
P0007,electronics,2017-03,80.56,3618.91,3.98,44.92,4.11,68,20,8,0,3,2017,46.09,53.12,3.46,2.89,35.54,4.07,5.51,45.65,4.73,7.63
P0007,electronics,2017-04,71.19,3167.12,4.27,44.49,4.11,48,20,8,0,4,2017,44.92,58.91,3.71,11.13,39.64,4.53,3.68,44.41,4.77,6.56
P0007,electronics,2017-05,68.12,3044.62,3.97,44.7,4.11,49,20,8,0,5,2017,44.49,24.69,3.45,1.89,49.17,4.85,6.12,57.56,3.71,10.59
P0007,electronics,2017-06,56.23,2471.58,3.93,43.96,4.11,49,20,8,0,6,2017,44.7,105.98,3.61,7.53,63.34,3.23,5.36,91.29,3.29,14.71
P0007,electronics,2017-07,68.49,3005.06,4.43,43.88,4.11,59,20,8,0,7,2017,43.96,57.96,3.88,8.88,64.14,3.56,8.87,67.91,3.47,4.08
P0007,electronics,2017-08,37.7,1723.71,4.21,45.73,4.11,20,20,8,0,8,2017,43.88,55.15,3.88,8.49,80.62,4.28,14.37,63.03,4.36,5.87
P0007,electronics,2017-09,34.36,1521.19,4.18,44.27,4.11,25,20,8,0,9,2017,45.73,78.75,4.33,4.06,54.91,4.17,4.44,95.93,4.59,15.51
P0007,electronics,2017-10,49.98,2344.19,4.47,46.9,4.11,49,20,8,0,10,2017,44.27,36.91,4.24,5.88,36.78,4.1,4.46,21.19,4.21,1.31
P0007,electronics,2017-11,55.16,2706.97,4.54,49.07,4.11,34,20,8,1,11,2017,46.9,22.63,4.0,1.39,33.12,3.96,2.96,31.82,4.14,5.47
P0007,electronics,2017-12,54.63,2518.97,4.74,46.11,4.11,41,20,8,1,12,2017,49.07,34.14,4.32,3.98,59.24,3.49,4.15,105.87,3.3,18.48
P0007,electronics,2018-01,47.69,2179.33,4.12,45.7,4.11,36,20,8,0,1,2018,46.11,51.01,3.58,9.12,70.83,3.66,4.03,30.35,4.23,2.63
P0007,electronics,2018-02,60.59,2786.8,4.87,46.0,4.11,49,18,8,0,2,2018,45.7,106.89,4.36,16.73,67.27,3.7,4.19,50.57,3.74,5.63
P0007,electronics,2018-03,76.49,3424.44,4.46,44.77,4.11,48,20,8,0,3,2018,46.0,143.05,3.29,22.08,142.24,4.18,7.87,97.43,3.56,7.13
P0008,electronics,2017-01,53.92,2373.48,6.44,44.02,4.75,36,20,8,0,1,2017,44.02,77.84,4.58,5.59,43.21,4.06,8.01,59.28,3.48,7.93
P0008,electronics,2017-02,88.38,3875.3,6.19,43.85,4.75,81,18,8,0,2,2017,44.02,40.76,3.87,6.75,53.17,4.41,7.76,57.3,3.56,7.74
P0008,electronics,2017-03,63.47,2857.47,6.69,45.02,4.75,36,20,8,0,3,2017,43.85,54.11,3.52,2.86,40.29,4.54,4.46,37.97,4.01,5.48
P0008,electronics,2017-04,94.29,4179.75,6.3,44.33,4.75,76,20,8,0,4,2017,45.02,59.54,3.65,11.39,39.66,4.51,3.7,36.22,4.06,5.39
P0008,electronics,2017-05,68.22,3199.5,6.86,46.9,4.75,48,20,8,0,5,2017,44.33,33.38,4.2,5.45,58.36,3.81,10.93,23.0,3.35,1.98
P0008,electronics,2017-06,77.55,3645.78,7.02,47.01,4.75,45,20,8,0,6,2017,46.9,56.96,2.93,3.5,105.08,4.3,12.02,114.5,3.73,7.6
P0008,electronics,2017-07,74.45,3467.5,6.72,46.57,4.75,57,20,8,0,7,2017,47.01,79.68,4.44,14.23,65.94,4.51,6.27,52.69,5.08,10.1
P0008,electronics,2017-08,54.25,2620.3,5.92,48.3,4.75,45,20,8,0,8,2017,46.57,77.3,4.27,14.22,53.9,4.32,5.28,60.77,3.7,8.54
P0008,electronics,2017-09,39.65,1928.91,6.85,48.65,4.75,33,20,8,0,9,2017,48.3,79.03,4.16,3.96,64.63,3.58,11.68,52.49,3.33,7.19
P0008,electronics,2017-10,32.85,1596.73,6.45,48.61,4.75,29,20,8,0,10,2017,48.65,29.76,3.83,2.29,36.65,4.06,4.11,43.63,4.21,9.23
P0008,electronics,2017-11,40.56,1931.3,5.88,47.62,4.75,24,20,8,1,11,2017,48.61,25.29,4.11,2.48,22.08,4.07,1.27,33.37,3.87,2.12
P0008,electronics,2017-12,65.08,3233.34,6.58,49.68,4.75,46,20,8,1,12,2017,47.62,55.83,4.14,10.0,71.99,4.91,13.61,60.5,3.44,4.11
P0008,electronics,2018-01,69.35,3473.08,6.97,50.08,4.75,52,20,8,0,1,2018,49.68,51.05,3.6,9.04,30.34,4.23,2.81,50.24,3.81,8.85
P0008,electronics,2018-02,65.58,3216.3,7.23,49.04,4.75,68,18,8,0,2,2018,50.08,36.08,2.38,6.24,28.29,4.44,2.78,70.29,3.82,4.1
P0008,electronics,2018-03,76.04,3521.45,6.12,46.31,4.75,41,20,8,0,3,2018,49.04,123.62,3.58,17.99,96.28,3.36,10.4,137.31,3.17,22.62
P0009,home_appliances,2017-01,28.9,2337.66,11.87,80.89,4.73,21,20,8,0,1,2017,80.89,44.01,5.02,7.86,47.45,4.47,8.03,42.82,3.89,7.38
P0009,home_appliances,2017-02,49.47,3859.03,12.12,78.01,4.73,31,18,8,0,2,2017,80.89,55.01,3.92,11.96,39.9,3.92,7.76,50.16,2.8,10.44
P0009,home_appliances,2017-03,58.58,4346.56,10.75,74.19,4.73,45,20,8,0,3,2017,78.01,47.28,3.67,2.85,67.56,4.46,5.73,44.89,4.84,8.3
P0009,home_appliances,2017-04,43.31,3222.31,10.06,74.4,4.73,31,20,8,0,4,2017,74.19,67.48,3.45,11.14,42.0,4.68,6.29,23.12,3.44,1.62
P0009,home_appliances,2017-05,44.24,3358.48,10.03,75.91,4.73,32,20,8,0,5,2017,74.4,38.88,4.49,3.95,69.62,3.35,12.61,52.16,4.79,6.77
P0009,home_appliances,2017-06,40.96,3260.46,12.09,79.6,4.73,28,20,8,0,6,2017,75.91,102.6,4.5,11.25,84.3,3.49,11.52,59.2,2.82,3.51
P0009,home_appliances,2017-07,33.45,2687.7,11.41,80.34,4.73,27,20,8,0,7,2017,79.6,61.3,3.72,7.79,80.76,4.44,14.15,56.9,5.13,11.27
P0009,home_appliances,2017-08,23.9,1964.89,12.54,82.22,4.73,17,20,8,0,8,2017,80.34,77.84,3.36,5.05,74.23,4.17,4.93,55.47,5.07,8.73
P0009,home_appliances,2017-09,25.43,2007.59,10.43,78.95,4.73,15,20,8,0,9,2017,82.22,71.32,4.3,8.36,74.33,3.51,5.47,64.73,3.52,11.87
P0009,home_appliances,2017-10,26.98,2132.42,10.57,79.05,4.73,26,20,8,0,10,2017,78.95,23.8,4.19,2.48,42.34,4.38,9.0,31.36,3.77,2.22
P0009,home_appliances,2017-11,28.26,2246.31,12.26,79.49,4.73,22,20,8,1,11,2017,79.05,25.98,4.14,2.75,42.05,4.28,9.24,33.52,3.97,1.66
P0009,home_appliances,2017-12,33.52,2736.76,11.47,81.64,4.73,25,20,8,1,12,2017,79.49,109.85,3.45,17.56,49.32,4.14,8.16,130.66,3.67,14.63
P0009,home_appliances,2018-01,36.93,3016.07,12.46,81.67,4.73,32,20,8,0,1,2018,81.64,49.56,3.8,6.72,33.7,2.47,6.11,30.31,4.45,2.94
P0009,home_appliances,2018-02,38.17,3181.43,12.32,83.35,4.73,30,18,8,0,2,2018,81.67,34.57,4.76,6.5,32.98,2.49,5.92,48.26,3.87,6.4
P0009,home_appliances,2018-03,36.6,2987.84,11.85,81.64,4.73,26,20,8,0,3,2018,83.35,133.27,3.32,25.43,90.34,3.78,7.66,139.2,3.98,9.01
P0010,home_appliances,2017-01,50.62,5609.22,19.18,110.82,3.4,47,20,8,0,1,2017,110.82,53.77,2.86,11.04,72.81,4.73,4.87,43.5,4.93,8.0
P0010,home_appliances,2017-02,57.21,6407.52,18.69,112.01,3.4,34,18,8,0,2,2017,110.82,50.15,2.81,10.51,56.34,4.63,8.52,52.39,3.42,7.44
P0010,home_appliances,2017-03,72.31,7775.74,17.65,107.54,3.4,64,20,8,0,3,2017,112.01,40.12,4.49,4.16,58.7,4.1,7.59,53.44,3.39,3.71
P0010,home_appliances,2017-04,76.92,8341.13,21.54,108.43,3.4,54,20,8,0,4,2017,107.54,44.75,4.62,5.91,22.73,3.33,1.7,44.08,4.42,2.42
P0010,home_appliances,2017-05,67.61,7272.31,21.08,107.56,3.4,40,20,8,0,5,2017,108.43,46.09,4.0,4.94,51.37,4.86,6.51,33.08,4.04,5.44
P0010,home_appliances,2017-06,66.83,6790.47,19.16,101.61,3.4,43,20,8,0,6,2017,107.56,88.75,3.3,17.59,70.72,3.27,5.69,87.89,3.43,10.81
P0010,home_appliances,2017-07,43.53,4612.35,18.28,105.97,3.4,30,20,8,0,7,2017,101.61,58.7,4.31,5.52,62.89,4.54,6.82,76.17,3.98,4.71
P0010,home_appliances,2017-08,37.16,3914.15,19.97,105.33,3.4,34,20,8,0,8,2017,105.97,52.46,4.32,4.61,84.62,4.39,15.55,73.73,3.96,4.69
P0010,home_appliances,2017-09,42.81,4416.94,19.44,103.17,3.4,37,20,8,0,9,2017,105.33,122.46,3.96,16.44,69.85,3.58,5.88,52.22,3.35,7.19
P0010,home_appliances,2017-10,37.6,3869.44,18.34,102.9,3.4,40,20,8,0,10,2017,103.17,31.61,3.96,2.29,34.52,3.86,1.72,36.22,4.08,3.72
P0010,home_appliances,2017-11,45.67,4766.44,20.67,104.37,3.4,28,20,8,1,11,2017,102.9,26.04,4.16,2.67,32.81,3.93,2.66,33.33,4.27,4.86
P0010,home_appliances,2017-12,58.43,6433.76,18.83,110.12,3.4,50,20,8,1,12,2017,104.37,118.34,3.7,14.05,50.41,4.25,8.35,80.27,4.74,11.7
P0010,home_appliances,2018-01,40.09,4389.79,18.87,109.5,3.4,32,20,8,0,1,2018,110.12,33.05,4.81,5.91,51.43,3.82,8.58,67.65,3.7,4.16
P0010,home_appliances,2018-02,52.54,5835.53,19.96,111.07,3.4,33,18,8,0,2,2018,109.5,49.97,3.95,6.37,33.24,4.89,6.11,69.02,3.78,4.21
P0010,home_appliances,2018-03,64.88,7485.77,22.34,115.38,3.4,43,20,8,0,3,2018,111.07,106.06,3.32,10.02,148.7,4.07,28.41,134.06,3.63,19.69
P0011,home_appliances,2017-01,43.58,2223.21,7.94,51.01,4.21,45,20,8,0,1,2017,51.01,54.1,3.45,7.69,55.01,4.21,6.39,58.51,4.02,10.52
P0011,home_appliances,2017-02,43.9,2304.78,9.53,52.5,4.21,34,18,8,0,2,2017,51.01,59.09,4.18,6.77,47.33,2.72,10.07,52.37,3.59,7.66
P0011,home_appliances,2017-03,56.12,2886.64,9.44,51.44,4.21,53,20,8,0,3,2017,52.5,39.96,4.49,3.81,53.43,3.49,3.46,44.7,4.65,8.24
P0011,home_appliances,2017-04,75.97,3982.08,9.7,52.42,4.21,58,20,8,0,4,2017,51.44,42.83,4.45,2.3,62.7,3.43,11.78,33.71,4.13,5.3
P0011,home_appliances,2017-05,45.68,2375.05,8.05,52.0,4.21,43,20,8,0,5,2017,52.42,67.97,3.38,12.97,36.07,4.53,3.92,34.95,4.1,5.63
P0011,home_appliances,2017-06,46.25,2467.55,9.94,53.35,4.21,37,20,8,0,6,2017,52.0,58.83,2.86,3.51,60.62,4.02,10.89,92.28,3.25,18.07
P0011,home_appliances,2017-07,41.1,2111.33,7.99,51.36,4.21,37,20,8,0,7,2017,53.35,64.23,4.49,6.79,73.28,3.48,4.49,58.99,5.01,10.24
P0011,home_appliances,2017-08,47.95,2398.16,7.93,50.02,4.21,30,20,8,0,8,2017,51.36,74.29,4.07,4.77,54.76,5.08,8.78,61.13,4.46,6.66
P0011,home_appliances,2017-09,34.99,1817.71,9.16,51.96,4.21,43,20,8,0,9,2017,50.02,128.07,4.11,16.92,48.71,3.34,7.19,60.56,3.7,12.15
P0011,home_appliances,2017-10,42.44,2181.56,8.37,51.4,4.21,23,20,8,0,10,2017,51.96,30.74,3.78,2.27,38.22,4.15,5.67,32.97,3.82,1.64
P0011,home_appliances,2017-11,35.22,1785.14,8.92,50.68,4.21,33,20,8,1,11,2017,51.4,21.44,4.07,1.24,25.53,4.19,2.71,32.04,3.9,2.57
P0011,home_appliances,2017-12,53.86,2732.0,8.38,50.73,4.21,47,20,8,1,12,2017,50.68,34.6,4.25,4.5,131.06,3.58,15.24,108.52,3.33,17.75
P0011,home_appliances,2018-01,55.83,2769.91,8.45,49.61,4.21,50,20,8,0,1,2018,50.73,32.44,2.43,6.33,50.42,3.95,6.84,64.81,3.81,4.46
P0011,home_appliances,2018-02,57.8,2988.53,8.02,51.71,4.21,60,18,8,0,2,2018,49.61,50.82,3.72,5.94,49.32,3.67,9.07,34.98,2.46,5.93
P0011,home_appliances,2018-03,60.32,2991.58,8.0,49.6,4.21,34,20,8,0,3,2018,51.71,144.89,4.01,26.99,106.09,3.45,10.59,98.1,3.29,13.61
P0012,home_appliances,2017-01,32.11,1937.02,4.04,60.32,3.42,30,20,8,0,1,2017,60.32,75.72,4.72,4.91,54.16,2.74,10.25,58.8,3.53,7.6
P0012,home_appliances,2017-02,30.15,1839.11,3.86,60.99,3.42,8,18,8,0,2,2017,60.32,55.83,3.97,12.27,48.66,2.76,10.01,56.18,4.53,8.35
P0012,home_appliances,2017-03,36.88,2240.2,3.81,60.74,3.42,36,20,8,0,3,2017,60.99,45.69,4.61,8.99,60.24,4.02,7.14,44.96,3.69,2.79
P0012,home_appliances,2017-04,46.84,2775.83,3.98,59.26,3.42,33,20,8,0,4,2017,60.74,44.2,4.84,6.05,44.34,4.2,4.4,64.97,3.42,12.15
P0012,home_appliances,2017-05,32.61,1887.36,3.93,57.88,3.42,31,20,8,0,5,2017,59.26,35.13,4.21,5.79,66.93,3.27,12.9,22.61,3.44,1.9
P0012,home_appliances,2017-06,54.25,3203.92,4.08,59.06,3.42,39,20,8,0,6,2017,57.88,68.93,3.3,5.29,84.17,3.56,17.62,57.14,2.79,3.43
P0012,home_appliances,2017-07,36.07,2071.22,3.95,57.42,3.42,34,20,8,0,7,2017,59.06,65.57,3.55,7.67,61.21,4.54,7.1,58.51,3.91,9.1
P0012,home_appliances,2017-08,26.81,1583.75,3.4,59.07,3.42,19,20,8,0,8,2017,57.42,53.99,4.27,4.65,66.53,3.66,7.8,73.47,3.45,4.72
P0012,home_appliances,2017-09,25.44,1438.16,3.53,56.53,3.42,27,20,8,0,9,2017,59.07,71.87,3.54,5.54,56.0,4.14,4.41,62.45,3.59,12.52
P0012,home_appliances,2017-10,24.22,1359.4,3.46,56.13,3.42,22,20,8,0,10,2017,56.53,22.02,4.17,1.47,23.53,4.12,2.41,33.59,3.82,1.66
P0012,home_appliances,2017-11,33.68,1915.17,3.89,56.86,3.42,21,20,8,1,11,2017,56.13,21.77,4.14,1.32,32.29,4.05,5.02,39.61,4.04,5.05
P0012,home_appliances,2017-12,39.71,2189.65,3.77,55.15,3.42,22,20,8,1,12,2017,56.86,80.12,4.67,17.34,127.97,3.66,15.06,52.84,4.27,8.01
P0012,home_appliances,2018-01,35.45,2026.09,3.43,57.15,3.42,26,20,8,0,1,2018,55.15,109.11,4.19,15.84,32.59,2.44,6.16,32.83,4.72,6.12
P0012,home_appliances,2018-02,50.24,2895.69,3.69,57.63,3.42,36,18,8,0,2,2018,57.15,33.42,2.45,5.65,31.03,4.44,2.75,51.6,3.62,10.86
P0012,home_appliances,2018-03,54.65,3070.81,3.53,56.19,3.42,29,20,8,0,3,2018,57.63,107.57,3.56,8.19,133.91,3.7,18.35,134.69,3.34,25.24
P0013,home_appliances,2017-01,46.84,3646.34,14.69,77.85,4.79,41,20,8,0,1,2017,77.85,58.61,3.57,7.36,60.43,4.08,10.31,75.16,4.59,5.02
P0013,home_appliances,2017-02,37.62,2805.19,14.8,74.57,4.79,30,18,8,0,2,2017,77.85,41.17,4.01,8.06,56.05,3.45,7.44,76.56,4.54,6.2
P0013,home_appliances,2017-03,40.51,3068.17,14.84,75.75,4.79,36,20,8,0,3,2017,74.57,38.26,3.94,5.27,55.09,3.44,3.58,67.1,4.42,5.76
P0013,home_appliances,2017-04,46.83,3455.18,15.14,73.79,4.79,30,20,8,0,4,2017,75.75,43.99,4.63,6.19,24.05,3.33,1.63,44.23,4.51,2.36
P0013,home_appliances,2017-05,38.75,2775.11,13.26,71.61,4.79,40,20,8,0,5,2017,73.79,39.61,4.61,2.35,33.39,4.18,5.45,48.1,4.77,6.51
P0013,home_appliances,2017-06,42.38,3074.13,13.89,72.54,4.79,41,20,8,0,6,2017,71.61,104.88,3.59,7.1,106.53,4.45,11.8,80.5,3.71,16.45
P0013,home_appliances,2017-07,29.78,2366.13,16.66,79.47,4.79,21,20,8,0,7,2017,72.54,70.85,3.41,4.36,78.71,4.42,13.23,76.63,4.03,4.44
P0013,home_appliances,2017-08,25.17,2025.58,14.81,80.46,4.79,24,20,8,0,8,2017,79.47,54.59,4.31,4.62,71.81,4.08,4.64,61.15,3.72,8.54
P0013,home_appliances,2017-09,17.1,1410.78,17.25,82.49,4.79,13,20,8,0,9,2017,80.46,51.31,3.42,7.23,78.68,4.33,4.13,63.36,3.55,11.84
P0013,home_appliances,2017-10,28.46,2358.58,16.31,82.87,4.79,18,20,8,0,10,2017,82.49,36.39,4.01,3.98,30.2,4.25,2.41,24.46,4.26,2.33
P0013,home_appliances,2017-11,17.68,1495.66,14.76,84.59,4.79,10,20,8,1,11,2017,82.87,24.25,4.19,2.69,34.5,4.09,4.97,40.68,4.03,4.99
P0013,home_appliances,2017-12,34.77,2811.61,16.43,80.85,4.79,27,20,8,1,12,2017,84.59,33.66,4.3,4.59,108.94,3.45,18.69,52.4,4.21,8.35
P0013,home_appliances,2018-01,34.15,2728.73,15.91,79.9,4.79,30,20,8,0,1,2018,80.85,32.6,2.44,6.22,30.75,4.3,2.89,104.94,4.16,16.25
P0013,home_appliances,2018-02,35.94,2903.76,15.19,80.79,4.79,23,18,8,0,2,2018,79.9,50.91,3.79,6.25,69.33,3.67,4.22,47.63,3.84,8.99
P0013,home_appliances,2018-03,42.68,3451.19,15.13,80.86,4.79,34,20,8,0,3,2018,80.79,98.75,3.33,9.78,132.75,4.06,8.83,104.05,3.44,8.32
P0014,home_appliances,2017-01,34.42,1305.62,4.12,37.93,4.34,29,20,8,0,1,2017,37.93,55.1,3.99,10.35,54.25,2.75,10.86,76.52,4.66,5.12
P0014,home_appliances,2017-02,52.96,1970.46,4.24,37.2,4.34,40,18,8,0,2,2017,37.93,58.49,4.48,8.23,74.22,4.67,5.84,55.88,4.11,6.79
P0014,home_appliances,2017-03,64.76,2399.47,4.73,37.05,4.34,46,20,8,0,3,2017,37.2,36.41,4.06,5.55,40.1,3.75,5.26,46.88,4.59,8.51
P0014,home_appliances,2017-04,47.95,1742.2,4.41,36.33,4.34,37,20,8,0,4,2017,37.05,60.94,3.65,12.53,61.87,3.42,11.28,48.21,4.11,4.47
P0014,home_appliances,2017-05,62.77,2123.74,3.62,33.83,4.34,64,20,8,0,5,2017,36.33,38.51,4.47,3.95,68.3,3.37,13.11,22.77,3.36,1.89
P0014,home_appliances,2017-06,70.67,2339.94,3.91,33.11,4.34,42,20,8,0,6,2017,33.83,70.46,3.25,5.44,83.85,3.6,16.69,58.19,2.83,3.37
P0014,home_appliances,2017-07,59.68,2053.65,4.38,34.41,4.34,29,20,8,0,7,2017,33.11,63.07,3.66,7.63,63.49,4.47,6.6,60.06,4.06,8.68
P0014,home_appliances,2017-08,47.36,1740.84,4.14,36.76,4.34,33,20,8,0,8,2017,34.41,54.87,3.88,8.91,52.83,5.15,8.69,60.89,4.36,6.78
P0014,home_appliances,2017-09,31.01,1210.56,4.9,39.04,4.34,20,20,8,0,9,2017,36.76,89.76,4.5,15.68,73.86,3.6,5.43,77.87,4.15,3.84
P0014,home_appliances,2017-10,23.37,912.03,4.41,39.02,4.34,23,20,8,0,10,2017,39.04,36.65,4.16,5.52,36.06,3.98,3.79,23.45,4.19,1.46
P0014,home_appliances,2017-11,36.45,1454.72,4.25,39.91,4.34,33,20,8,1,11,2017,39.02,31.26,3.92,2.62,32.61,3.93,1.78,22.7,4.05,1.34
P0014,home_appliances,2017-12,36.1,1469.03,4.3,40.69,4.34,17,20,8,1,12,2017,39.91,101.06,3.49,18.99,52.71,4.1,8.36,57.48,3.43,3.98
P0014,home_appliances,2018-01,48.47,1915.19,4.79,39.52,4.34,48,20,8,0,1,2018,40.69,67.76,3.75,4.37,30.46,4.46,3.01,54.93,3.58,9.92
P0014,home_appliances,2018-02,55.03,2056.23,4.14,37.37,4.34,57,18,8,0,2,2018,39.52,34.25,4.92,6.49,48.58,3.85,6.32,114.21,4.18,16.54
P0014,home_appliances,2018-03,56.54,2121.27,4.26,37.52,4.34,54,20,8,0,3,2018,37.37,92.04,3.29,13.3,132.05,3.22,26.3,132.9,3.65,18.01
P0015,home_appliances,2017-01,17.21,2081.04,14.82,120.9,3.67,16,20,8,0,1,2017,120.9,40.68,4.1,7.16,58.26,3.58,7.44,58.97,3.97,10.34
P0015,home_appliances,2017-02,19.19,2316.26,13.06,120.69,3.67,17,18,8,0,2,2017,120.9,55.73,4.25,6.88,57.74,4.52,8.18,78.84,4.55,6.13
P0015,home_appliances,2017-03,24.11,2990.5,14.88,124.06,3.67,15,20,8,0,3,2017,120.69,54.83,3.4,3.49,37.93,3.93,5.36,39.72,4.57,4.12
P0015,home_appliances,2017-04,23.76,2831.18,14.95,119.16,3.67,16,20,8,0,4,2017,124.06,34.79,4.56,3.19,59.7,3.75,12.16,42.56,4.69,6.26
P0015,home_appliances,2017-05,28.17,3395.58,13.18,120.56,3.67,17,20,8,0,5,2017,119.16,37.69,4.33,3.92,40.8,4.56,2.35,66.99,3.3,12.96
P0015,home_appliances,2017-06,24.32,3073.36,15.83,126.37,3.67,23,20,8,0,6,2017,120.56,90.54,3.39,17.35,80.19,3.56,16.59,107.22,3.73,7.12
P0015,home_appliances,2017-07,16.36,2093.03,14.68,127.95,3.67,8,20,8,0,7,2017,126.37,61.51,4.47,7.11,55.68,5.07,10.57,77.05,4.34,14.3
P0015,home_appliances,2017-08,15.34,1992.93,16.77,129.9,3.67,18,20,8,0,8,2017,127.95,59.82,4.37,6.7,52.05,5.02,8.41,62.0,3.68,7.98
P0015,home_appliances,2017-09,11.06,1471.03,17.34,133.04,3.67,4,20,8,0,9,2017,129.9,94.81,4.52,14.81,71.83,3.69,5.92,59.04,4.13,4.05
P0015,home_appliances,2017-10,11.5,1596.67,16.59,138.86,3.67,9,20,8,0,10,2017,133.04,24.9,4.09,2.43,36.23,3.98,4.0,37.36,4.13,5.38
P0015,home_appliances,2017-11,13.19,1817.21,16.61,137.76,3.67,5,20,8,1,11,2017,138.86,21.96,4.17,1.29,40.38,3.97,5.1,34.27,4.16,4.89
P0015,home_appliances,2017-12,18.6,2621.26,17.64,140.95,3.67,16,20,8,1,12,2017,137.76,32.97,4.25,4.26,109.97,3.41,18.5,57.93,3.47,3.94
P0015,home_appliances,2018-01,20.25,2809.16,17.26,138.71,3.67,19,20,8,0,1,2018,140.95,32.34,4.71,6.48,31.88,4.43,3.04,51.76,3.75,6.63
P0015,home_appliances,2018-02,23.14,3123.35,15.45,134.96,3.67,16,18,8,0,2,2018,138.71,55.28,3.63,10.02,68.44,3.73,3.97,50.74,3.85,6.04
P0015,home_appliances,2018-03,28.1,3796.02,16.28,135.07,3.67,27,20,8,0,3,2018,134.96,93.87,3.76,7.36,97.33,3.38,13.53,104.6,3.35,10.49
P0016,home_appliances,2017-01,59.81,7912.51,14.41,132.3,3.68,34,20,8,0,1,2017,132.3,55.45,4.06,11.21,51.5,2.82,10.59,58.75,4.08,6.46
P0016,home_appliances,2017-02,55.53,7238.85,15.9,130.35,3.68,49,18,8,0,2,2017,132.3,38.83,3.96,7.54,80.61,4.74,6.04,59.47,4.28,6.65
P0016,home_appliances,2017-03,74.6,9590.24,14.91,128.55,3.68,64,20,8,0,3,2017,130.35,40.8,4.46,4.11,57.69,3.51,3.51,43.53,4.75,8.61
P0016,home_appliances,2017-04,71.16,8553.77,13.41,120.2,3.68,49,20,8,0,4,2017,128.55,62.39,3.78,11.76,36.46,4.16,5.52,64.15,3.42,11.05
P0016,home_appliances,2017-05,72.99,8964.32,13.38,122.81,3.68,60,20,8,0,5,2017,120.2,70.6,3.28,12.97,42.36,4.62,2.37,36.04,4.46,3.92
P0016,home_appliances,2017-06,88.42,10565.49,14.58,119.49,3.68,59,20,8,0,6,2017,122.81,65.51,4.16,10.81,83.19,3.66,16.31,105.93,3.61,7.21
P0016,home_appliances,2017-07,44.06,5346.04,13.68,121.35,3.68,49,20,8,0,7,2017,119.49,63.22,4.38,6.76,58.1,3.97,9.26,63.4,3.7,7.65
P0016,home_appliances,2017-08,41.92,5416.16,15.36,129.22,3.68,32,20,8,0,8,2017,121.35,51.64,4.9,8.9,63.43,3.61,8.07,57.02,3.93,9.22
P0016,home_appliances,2017-09,40.61,5195.84,15.2,127.94,3.68,28,20,8,0,9,2017,129.22,52.85,3.25,7.4,95.68,4.6,14.91,58.97,3.66,11.97
P0016,home_appliances,2017-10,37.28,4726.62,14.16,126.77,3.68,24,20,8,0,10,2017,127.94,41.1,4.26,8.66,37.53,3.92,3.72,23.3,4.08,1.48
P0016,home_appliances,2017-11,35.9,4791.67,15.06,133.48,3.68,24,20,8,1,11,2017,126.77,32.27,3.96,2.65,40.52,4.07,4.91,33.07,4.17,4.92
P0016,home_appliances,2017-12,42.61,5789.71,14.25,135.88,3.68,18,20,8,1,12,2017,133.48,81.57,4.64,10.91,132.52,3.69,14.54,78.2,4.78,16.44
P0016,home_appliances,2018-01,39.45,5509.31,14.17,139.66,3.68,37,20,8,0,1,2018,135.88,109.32,4.38,17.18,33.42,2.44,6.27,34.23,4.73,6.23
P0016,home_appliances,2018-02,47.2,6488.8,15.33,137.48,3.68,27,18,8,0,2,2018,139.66,56.09,3.5,10.81,68.93,3.78,4.07,46.37,3.7,9.22
P0016,home_appliances,2018-03,49.02,6866.93,16.17,140.1,3.68,42,20,8,0,3,2018,137.48,142.39,3.95,26.34,92.85,3.41,13.32,132.06,3.6,19.35
P0017,fashion,2017-01,81.37,6501.26,15.11,79.9,3.62,85,20,8,0,1,2017,79.9,42.41,4.02,7.29,54.18,2.82,10.45,54.28,4.09,6.37
P0017,fashion,2017-02,89.8,7049.15,15.58,78.5,3.62,76,18,8,0,2,2017,79.9,40.52,4.08,6.68,41.06,4.97,6.99,58.9,4.02,10.33
P0017,fashion,2017-03,121.47,9768.44,16.18,80.42,3.62,86,20,8,0,3,2017,78.5,42.33,3.58,2.72,38.9,3.91,6.49,37.37,3.84,5.02
P0017,fashion,2017-04,122.85,9721.06,16.59,79.13,3.62,82,20,8,0,4,2017,80.42,44.05,4.77,6.82,24.69,3.33,1.6,62.2,3.35,10.2
P0017,fashion,2017-05,105.72,8602.99,16.73,81.37,3.62,82,20,8,0,5,2017,79.13,43.46,4.17,4.03,42.97,4.4,2.31,38.03,4.43,4.48
P0017,fashion,2017-06,98.21,8569.82,17.29,87.26,3.62,79,20,8,0,6,2017,81.37,111.05,3.56,8.66,85.66,3.35,18.16,59.98,2.91,3.23
P0017,fashion,2017-07,83.38,6860.86,16.9,82.28,3.62,55,20,8,0,7,2017,87.26,55.46,4.08,8.85,65.98,3.68,7.87,71.94,3.34,4.83
P0017,fashion,2017-08,74.43,5978.91,15.08,80.33,3.62,51,20,8,0,8,2017,82.28,70.84,3.49,4.86,64.76,3.56,8.37,84.38,4.26,15.87
P0017,fashion,2017-09,69.73,5805.88,16.76,83.26,3.62,58,20,8,0,9,2017,80.33,70.73,3.68,5.27,74.51,4.14,3.86,115.35,4.01,16.5
P0017,fashion,2017-10,53.28,4403.84,17.67,82.65,3.62,34,20,8,0,10,2017,83.26,22.86,3.99,1.45,31.62,4.07,2.42,32.77,3.94,1.79
P0017,fashion,2017-11,81.3,6937.35,15.17,85.33,3.62,49,20,8,1,11,2017,82.65,21.79,4.11,1.25,32.71,3.94,1.79,38.62,4.07,4.85
P0017,fashion,2017-12,101.2,8328.46,16.27,82.3,3.62,84,20,8,1,12,2017,85.33,48.61,4.29,8.15,132.09,3.68,15.58,102.88,3.41,20.21
P0017,fashion,2018-01,83.99,6971.48,16.98,83.0,3.62,65,20,8,0,1,2018,82.3,48.19,3.92,5.94,36.4,2.46,5.72,51.71,3.71,10.14
P0017,fashion,2018-02,101.52,8367.09,16.58,82.42,3.62,52,18,8,0,2,2018,83.0,36.9,4.76,7.46,32.92,2.5,5.48,68.02,3.75,4.25
P0017,fashion,2018-03,146.22,12083.37,15.97,82.64,3.62,102,20,8,0,3,2018,82.42,138.97,4.08,8.59,135.27,3.21,25.81,105.47,3.45,8.24
P0018,fashion,2017-01,24.05,2669.78,7.64,110.99,3.63,18,20,8,0,1,2017,110.99,58.18,4.1,5.85,59.77,3.46,8.74,51.2,4.65,7.42
P0018,fashion,2017-02,33.19,3544.34,8.3,106.8,3.63,18,18,8,0,2,2017,110.99,39.32,3.95,7.11,47.68,2.88,9.15,76.76,4.53,4.94
P0018,fashion,2017-03,43.83,4545.87,8.14,103.73,3.63,42,20,8,0,3,2017,106.8,41.26,4.45,4.38,36.75,3.88,5.3,37.92,4.06,6.79
P0018,fashion,2017-04,53.47,5842.16,8.56,109.27,3.63,50,20,8,0,4,2017,103.73,42.97,4.88,6.96,34.93,4.11,5.76,61.65,3.69,10.43
P0018,fashion,2017-05,38.5,4247.7,8.06,110.33,3.63,27,20,8,0,5,2017,109.27,54.73,3.65,10.8,46.57,4.18,4.12,40.33,4.64,2.43
P0018,fashion,2017-06,35.29,3903.41,7.88,110.61,3.63,19,20,8,0,6,2017,110.33,62.58,4.15,10.76,72.17,3.42,6.07,110.22,4.44,12.66
P0018,fashion,2017-07,38.0,4194.25,7.23,110.36,3.63,28,20,8,0,7,2017,110.61,56.02,4.99,10.4,78.71,4.0,4.81,73.53,3.47,4.68
P0018,fashion,2017-08,25.92,2889.02,8.61,111.47,3.63,9,20,8,0,8,2017,110.36,52.82,4.92,9.24,78.1,4.46,16.3,54.35,4.31,5.24
P0018,fashion,2017-09,24.2,2599.4,7.52,107.42,3.63,17,20,8,0,9,2017,111.47,75.79,4.27,7.82,66.97,3.67,5.48,56.87,4.23,4.7
P0018,fashion,2017-10,22.11,2310.26,7.54,104.5,3.63,16,20,8,0,10,2017,107.42,34.27,4.22,5.46,24.13,4.13,1.38,30.24,4.17,2.52
P0018,fashion,2017-11,29.02,3180.54,7.77,109.61,3.63,14,20,8,1,11,2017,104.5,34.78,4.09,5.16,21.31,4.11,1.25,26.4,4.28,2.72
P0018,fashion,2017-12,28.27,3114.45,7.23,110.15,3.63,24,20,8,1,12,2017,109.61,79.28,4.66,14.58,127.5,3.75,15.85,59.61,3.33,3.26
P0018,fashion,2018-01,34.07,3847.44,8.15,112.92,3.63,21,20,8,0,1,2018,110.15,52.6,3.69,10.02,36.4,2.51,5.74,52.25,3.83,6.09
P0018,fashion,2018-02,36.84,4069.12,7.42,110.47,3.63,19,18,8,0,2,2018,112.92,36.23,4.67,7.67,47.56,3.87,8.13,48.07,3.78,6.11
P0018,fashion,2018-03,36.39,4181.52,8.32,114.92,3.63,18,20,8,0,3,2018,110.47,88.51,3.73,8.01,120.59,3.71,16.41,107.69,3.32,11.58
P0019,fashion,2017-01,27.41,1991.79,6.77,72.66,3.33,19,20,8,0,1,2017,72.66,63.45,3.43,8.99,51.3,4.49,7.21,59.58,3.92,11.36
P0019,fashion,2017-02,28.0,2060.3,5.98,73.59,3.33,34,18,8,0,2,2017,72.66,56.27,4.1,7.05,40.02,4.08,6.98,55.92,3.88,10.07
P0019,fashion,2017-03,29.39,2190.59,6.61,74.52,3.33,30,20,8,0,3,2017,73.59,55.46,4.19,7.96,39.81,3.79,5.11,53.88,3.51,3.82
P0019,fashion,2017-04,41.55,3008.84,6.48,72.41,3.33,37,20,8,0,4,2017,74.52,45.16,4.58,2.43,64.3,3.27,10.06,45.27,4.88,6.98
P0019,fashion,2017-05,45.11,3081.41,5.69,68.31,3.33,34,20,8,0,5,2017,72.41,43.05,4.61,2.47,67.96,3.43,12.26,60.24,3.7,11.07
P0019,fashion,2017-06,31.16,2072.94,5.18,66.54,3.33,20,20,8,0,6,2017,68.31,109.57,4.42,12.67,90.6,3.47,10.19,108.21,3.66,8.49
P0019,fashion,2017-07,29.28,2074.99,5.43,70.86,3.33,16,20,8,0,7,2017,66.54,58.58,3.98,8.43,80.55,4.03,4.95,53.66,4.19,5.47
P0019,fashion,2017-08,24.02,1773.09,6.37,73.83,3.33,19,20,8,0,8,2017,70.86,52.01,4.18,5.46,66.68,3.68,8.1,69.72,4.16,4.46
P0019,fashion,2017-09,25.61,1864.48,6.66,72.79,3.33,24,20,8,0,9,2017,73.83,93.91,4.66,15.91,72.46,3.64,5.06,62.46,4.16,4.78
P0019,fashion,2017-10,20.87,1502.65,6.4,72.01,3.33,9,20,8,0,10,2017,72.79,24.27,4.1,1.46,37.08,4.15,5.76,30.96,4.23,2.39
P0019,fashion,2017-11,33.08,2455.44,5.93,74.23,3.33,17,20,8,1,11,2017,72.01,45.59,4.2,8.81,33.34,3.93,2.77,20.9,4.05,1.25
P0019,fashion,2017-12,29.33,2156.37,5.86,73.52,3.33,27,20,8,1,12,2017,74.23,107.6,3.36,19.91,37.15,4.26,4.34,79.42,4.79,15.34
P0019,fashion,2018-01,29.63,2088.01,6.49,70.48,3.33,18,20,8,0,1,2018,73.52,34.01,4.9,6.09,53.39,3.6,9.92,74.82,3.69,4.67
P0019,fashion,2018-02,25.67,1884.56,6.15,73.42,3.33,21,18,8,0,2,2018,70.48,53.81,3.59,9.12,51.02,3.89,5.86,32.81,2.48,5.42
P0019,fashion,2018-03,37.78,2804.37,5.86,74.23,3.33,23,20,8,0,3,2018,73.42,123.25,3.79,16.01,134.32,3.28,25.72,91.02,3.43,11.95
P0020,fashion,2017-01,44.42,3787.37,9.42,85.26,3.46,29,20,8,0,1,2017,85.26,50.58,4.52,7.38,40.61,3.94,7.6,50.28,2.78,9.7
P0020,fashion,2017-02,64.79,5535.03,10.05,85.43,3.46,56,18,8,0,2,2017,85.26,78.16,4.69,5.34,51.78,3.5,7.91,41.2,3.99,6.72
P0020,fashion,2017-03,46.64,4050.37,9.67,86.85,3.46,34,20,8,0,3,2017,85.43,67.6,4.27,5.22,55.64,4.13,8.07,44.07,3.7,2.59
P0020,fashion,2017-04,49.52,4406.86,9.88,88.98,3.46,36,20,8,0,4,2017,86.85,22.84,3.32,1.71,44.12,4.12,3.82,43.27,4.78,6.38
P0020,fashion,2017-05,42.58,3827.69,9.89,89.89,3.46,35,20,8,0,5,2017,88.98,71.94,3.41,12.84,58.86,3.7,11.58,36.4,4.5,4.43
P0020,fashion,2017-06,51.34,4542.57,11.29,88.48,3.46,43,20,8,0,6,2017,89.89,107.61,3.53,8.2,64.79,4.13,10.86,60.64,2.93,3.13
P0020,fashion,2017-07,45.62,4047.47,11.04,88.72,3.46,27,20,8,0,7,2017,88.48,87.26,4.49,15.36,78.29,3.97,4.5,57.34,4.03,8.89
P0020,fashion,2017-08,27.78,2501.85,10.33,90.06,3.46,27,20,8,0,8,2017,88.72,56.12,4.18,5.15,56.35,3.96,8.69,85.13,4.44,15.66
P0020,fashion,2017-09,25.82,2314.95,10.81,89.64,3.46,23,20,8,0,9,2017,90.06,112.46,3.98,16.69,50.05,3.27,6.64,62.44,3.62,11.4
P0020,fashion,2017-10,26.79,2384.06,10.58,89.0,3.46,14,20,8,0,10,2017,89.64,22.44,4.14,1.49,30.76,4.15,2.37,24.53,4.09,2.49
P0020,fashion,2017-11,32.54,3024.14,10.19,92.95,3.46,21,20,8,1,11,2017,89.0,33.07,4.22,2.69,34.85,4.18,5.05,32.06,4.04,1.86
P0020,fashion,2017-12,39.56,3568.78,11.13,90.22,3.46,37,20,8,1,12,2017,92.95,47.79,4.13,7.67,37.83,4.24,4.24,102.58,3.42,20.64
P0020,fashion,2018-01,27.92,2500.37,9.42,89.55,3.46,18,20,8,0,1,2018,90.22,35.56,2.45,5.57,54.73,3.61,10.75,51.6,3.83,9.66
P0020,fashion,2018-02,46.35,3908.85,10.1,84.33,3.46,22,18,8,0,2,2018,89.55,26.55,4.25,2.4,52.37,3.51,9.65,34.33,4.76,7.48
P0020,fashion,2018-03,58.55,5094.32,9.55,87.01,3.46,62,20,8,0,3,2018,84.33,151.71,3.91,28.8,139.07,3.32,23.63,110.24,3.36,11.14
P0021,fashion,2017-01,61.62,3494.19,3.17,56.7,2.87,63,20,8,0,1,2017,56.7,53.01,2.87,10.4,43.49,3.98,7.59,74.72,4.59,5.63
P0021,fashion,2017-02,72.28,4149.43,3.09,57.41,2.87,61,18,8,0,2,2017,56.7,80.21,4.55,4.96,58.92,3.88,10.45,41.33,4.88,7.3
P0021,fashion,2017-03,63.96,3749.14,3.25,58.62,2.87,43,20,8,0,3,2017,57.41,37.59,3.93,6.57,39.94,3.81,5.28,65.26,4.42,5.0
P0021,fashion,2017-04,65.67,3865.36,3.1,58.86,2.87,49,20,8,0,4,2017,58.62,46.7,4.68,6.69,61.74,3.29,10.15,24.34,3.38,1.73
P0021,fashion,2017-05,57.04,3359.64,3.02,58.9,2.87,30,20,8,0,5,2017,58.86,51.36,4.7,6.65,56.58,3.71,11.26,22.94,3.48,1.9
P0021,fashion,2017-06,71.31,4217.98,3.51,59.15,2.87,58,20,8,0,6,2017,58.9,75.66,3.4,6.25,82.83,3.53,14.45,59.83,4.18,10.45
P0021,fashion,2017-07,72.66,4223.66,3.4,58.13,2.87,64,20,8,0,7,2017,59.15,54.61,4.27,5.54,82.91,4.42,15.01,64.63,3.69,7.68
P0021,fashion,2017-08,45.39,2708.81,3.18,59.68,2.87,34,20,8,0,8,2017,58.13,86.12,4.42,15.59,72.44,3.41,4.9,62.7,4.42,6.81
P0021,fashion,2017-09,35.88,2097.52,3.0,58.45,2.87,17,20,8,0,9,2017,59.68,121.6,4.18,17.13,57.81,3.64,11.65,67.78,3.54,5.0
P0021,fashion,2017-10,35.52,1973.2,3.3,55.56,2.87,23,20,8,0,10,2017,58.45,33.47,3.83,1.92,31.66,4.25,2.6,37.96,3.92,4.41
P0021,fashion,2017-11,50.73,2888.27,2.79,56.93,2.87,28,20,8,1,11,2017,55.56,31.86,4.27,5.01,42.75,4.35,8.82,40.64,4.08,4.93
P0021,fashion,2017-12,52.8,3155.64,3.12,59.76,2.87,43,20,8,1,12,2017,56.93,124.17,3.66,15.08,37.75,4.41,4.15,126.91,3.76,15.96
P0021,fashion,2018-01,49.99,2874.84,3.14,57.51,2.87,36,20,8,0,1,2018,59.76,50.92,3.76,5.93,49.88,3.79,9.28,30.22,4.31,3.01
P0021,fashion,2018-02,53.1,3027.15,3.19,57.01,2.87,49,18,8,0,2,2018,57.51,48.64,3.75,5.86,101.99,4.37,18.03,50.26,3.84,7.43
P0021,fashion,2018-03,72.01,4004.99,3.01,55.62,2.87,64,20,8,0,3,2018,57.01,126.22,3.79,16.55,144.64,4.18,8.99,148.38,4.1,28.68
P0022,fashion,2017-01,41.52,2906.33,12.38,70.0,4.1,32,20,8,0,1,2017,70.0,77.09,4.66,5.66,45.24,4.99,7.5,50.53,2.83,10.02
P0022,fashion,2017-02,59.32,4165.63,14.06,70.22,4.1,43,18,8,0,2,2017,70.0,53.62,4.61,9.05,77.9,4.65,5.06,47.92,2.86,8.84
P0022,fashion,2017-03,51.01,3451.75,12.8,67.67,4.1,40,20,8,0,3,2017,70.22,52.13,3.45,3.73,38.04,3.98,6.54,55.38,4.04,7.43
P0022,fashion,2017-04,61.55,4158.18,12.98,67.55,4.1,42,20,8,0,4,2017,67.67,44.41,4.4,2.26,34.24,4.4,3.94,57.76,3.83,10.71
P0022,fashion,2017-05,56.02,3637.42,11.47,64.93,4.1,35,20,8,0,5,2017,67.55,36.42,4.5,4.19,44.88,4.14,4.19,41.02,4.4,2.46
P0022,fashion,2017-06,63.05,4073.05,11.14,64.6,4.1,51,20,8,0,6,2017,64.93,91.33,3.41,10.53,76.37,3.27,6.25,116.17,3.7,8.58
P0022,fashion,2017-07,45.48,2865.87,10.96,63.01,4.1,37,20,8,0,7,2017,64.6,55.44,4.06,9.05,80.81,3.96,4.71,67.86,3.39,4.87
P0022,fashion,2017-08,37.03,2293.29,10.65,61.93,4.1,25,20,8,0,8,2017,63.01,72.04,3.36,4.46,54.95,4.01,8.63,64.74,3.63,7.99
P0022,fashion,2017-09,41.59,2479.06,12.0,59.61,4.1,19,20,8,0,9,2017,61.93,71.36,4.18,8.01,57.13,4.26,4.7,63.27,3.56,11.31
P0022,fashion,2017-10,30.94,1976.6,11.02,63.88,4.1,30,20,8,0,10,2017,59.61,33.23,3.83,1.84,30.71,3.97,2.67,35.72,4.1,5.9
P0022,fashion,2017-11,33.78,2229.9,12.11,66.0,4.1,30,20,8,1,11,2017,63.88,21.97,4.07,1.26,40.91,4.02,4.74,32.35,3.89,2.72
P0022,fashion,2017-12,48.63,3046.67,13.04,62.65,4.1,42,20,8,1,12,2017,66.0,85.47,4.77,12.37,81.19,4.71,14.47,109.27,3.31,20.25
P0022,fashion,2018-01,50.77,3178.81,11.58,62.61,4.1,29,20,8,0,1,2018,62.65,52.37,3.79,5.64,32.36,4.32,2.98,73.29,3.8,4.26
P0022,fashion,2018-02,42.7,2665.22,11.1,62.41,4.1,26,18,8,0,2,2018,62.61,26.53,4.42,2.28,105.79,4.36,18.5,67.25,3.78,4.36
P0022,fashion,2018-03,53.25,3312.56,11.52,62.21,4.1,33,20,8,0,3,2018,62.41,118.71,3.7,17.17,88.29,3.44,12.62,134.88,3.21,23.66
P0023,fashion,2017-01,63.97,6422.37,10.69,100.4,4.42,58,20,8,0,1,2017,100.4,57.3,4.04,5.83,40.19,4.07,7.67,62.31,3.88,12.04
P0023,fashion,2017-02,57.52,5950.38,11.99,103.46,4.42,37,18,8,0,2,2017,100.4,57.85,4.24,6.67,39.74,3.89,6.91,76.72,4.56,5.14
P0023,fashion,2017-03,83.51,8554.85,12.19,102.44,4.42,57,20,8,0,3,2017,103.46,67.81,4.41,5.33,58.32,4.23,8.1,53.15,3.36,3.66
P0023,fashion,2017-04,64.91,6769.37,10.78,104.29,4.42,42,20,8,0,4,2017,102.44,36.17,4.39,3.85,45.56,4.51,2.3,24.42,3.37,1.7
P0023,fashion,2017-05,82.57,8756.52,11.76,106.05,4.42,63,20,8,0,5,2017,104.29,51.8,4.64,6.62,41.65,4.43,2.35,37.25,4.45,4.41
P0023,fashion,2017-06,62.09,6842.59,11.51,110.21,4.42,47,20,8,0,6,2017,106.05,60.34,2.8,3.27,110.52,3.62,8.19,60.35,4.19,10.24
P0023,fashion,2017-07,68.95,7151.25,11.69,103.71,4.42,48,20,8,0,7,2017,110.21,62.56,4.5,6.26,53.21,4.13,5.67,55.12,4.05,8.73
P0023,fashion,2017-08,40.64,4445.25,13.33,109.37,4.42,40,20,8,0,8,2017,103.71,53.11,4.25,5.13,64.24,3.55,8.48,72.94,3.41,4.6
P0023,fashion,2017-09,28.17,3175.29,12.02,112.7,4.42,19,20,8,0,9,2017,109.37,80.1,4.18,3.83,62.54,3.65,11.65,67.21,3.7,5.17
P0023,fashion,2017-10,32.65,3700.24,13.26,113.35,4.42,33,20,8,0,10,2017,112.7,23.72,3.98,1.46,29.47,3.88,2.49,31.57,4.26,2.42
P0023,fashion,2017-11,39.78,4757.75,14.32,119.59,4.42,35,20,8,1,11,2017,113.35,38.82,3.95,4.86,31.74,3.8,2.6,33.62,4.18,2.66
P0023,fashion,2017-12,47.93,5657.42,13.87,118.04,4.42,35,20,8,1,12,2017,119.59,85.67,4.78,12.46,36.52,4.42,4.31,110.39,3.3,19.28
P0023,fashion,2018-01,42.66,5061.71,12.85,118.66,4.42,21,20,8,0,1,2018,118.04,30.77,4.37,2.9,75.09,3.74,4.32,118.09,4.36,19.44
P0023,fashion,2018-02,53.48,6112.26,13.52,114.28,4.42,25,18,8,0,2,2018,118.66,34.7,2.52,5.54,25.92,4.42,2.31,35.47,4.79,7.16
P0023,fashion,2018-03,67.05,7808.52,12.23,116.46,4.42,46,20,8,0,3,2018,114.28,147.99,4.01,28.44,89.17,3.7,7.75,140.74,3.32,24.42
P0024,fashion,2017-01,42.4,3761.63,16.67,88.72,3.29,49,20,8,0,1,2017,88.72,74.73,4.63,5.45,42.52,4.02,7.41,47.87,4.41,7.46
P0024,fashion,2017-02,40.1,3506.9,15.44,87.46,3.29,22,18,8,0,2,2017,88.72,57.72,4.04,10.49,41.65,4.0,7.09,57.63,4.53,8.99
P0024,fashion,2017-03,43.77,4078.85,18.24,93.19,3.29,35,20,8,0,3,2017,87.46,57.12,4.03,7.57,44.01,3.76,2.58,40.16,3.99,6.18
P0024,fashion,2017-04,47.08,4314.7,17.69,91.64,3.29,43,20,8,0,4,2017,93.19,45.06,4.56,2.46,37.45,4.21,5.82,23.12,3.47,1.67
P0024,fashion,2017-05,49.17,4482.24,17.68,91.16,3.29,41,20,8,0,5,2017,91.64,44.43,4.2,3.96,39.85,4.63,2.26,38.85,4.39,4.49
P0024,fashion,2017-06,49.19,4436.96,14.95,90.21,3.29,35,20,8,0,6,2017,91.16,114.18,4.43,13.05,61.06,2.87,3.24,76.41,3.34,6.62
P0024,fashion,2017-07,38.93,3422.55,17.28,87.91,3.29,28,20,8,0,7,2017,90.21,82.82,4.39,15.63,60.95,4.5,6.08,52.63,4.92,10.98
P0024,fashion,2017-08,48.94,4374.0,17.63,89.38,3.29,34,20,8,0,8,2017,87.91,55.07,3.87,8.73,52.74,5.03,9.46,67.88,3.56,8.03
P0024,fashion,2017-09,33.09,3017.01,15.3,91.17,3.29,25,20,8,0,9,2017,89.38,89.42,4.64,16.67,73.62,4.16,7.89,62.16,4.31,4.72
P0024,fashion,2017-10,37.77,3462.29,16.75,91.67,3.29,33,20,8,0,10,2017,91.17,35.96,4.1,4.67,23.38,4.08,1.41,23.98,4.07,2.46
P0024,fashion,2017-11,34.85,2958.7,16.67,84.91,3.29,28,20,8,1,11,2017,91.67,41.88,4.23,8.69,32.99,3.89,2.68,22.47,4.18,1.36
P0024,fashion,2017-12,49.56,4365.49,15.49,88.08,3.29,54,20,8,1,12,2017,84.91,47.96,4.15,7.83,83.1,4.86,14.51,80.48,4.62,11.92
P0024,fashion,2018-01,35.84,3124.63,17.52,87.19,3.29,35,20,8,0,1,2018,88.08,113.64,4.28,19.27,75.82,3.77,4.6,49.9,3.73,9.48
P0024,fashion,2018-02,40.33,3392.58,16.09,84.13,3.29,27,18,8,0,2,2018,87.19,34.61,2.5,5.67,28.12,4.22,2.48,51.19,3.69,7.4
P0024,fashion,2018-03,69.32,5985.5,14.87,86.35,3.29,51,20,8,0,3,2018,84.13,118.69,3.67,16.58,86.95,3.31,12.13,105.1,3.49,8.12
P0025,beauty,2017-01,21.14,1230.4,7.68,58.2,3.49,15,20,8,0,1,2017,58.2,43.46,3.92,7.26,78.32,4.65,5.31,46.41,4.49,7.53
P0025,beauty,2017-02,27.58,1551.56,7.43,56.26,3.49,18,18,8,0,2,2017,58.2,48.64,2.79,8.69,55.46,3.97,11.21,57.12,4.11,6.41
P0025,beauty,2017-03,24.15,1464.86,8.65,60.65,3.49,17,20,8,0,3,2017,56.26,61.13,4.21,8.28,42.13,3.62,2.6,66.75,4.44,5.59
P0025,beauty,2017-04,39.04,2266.51,8.18,58.06,3.49,21,20,8,0,4,2017,60.65,44.39,4.81,6.48,24.87,3.33,2.08,46.32,4.12,4.28
P0025,beauty,2017-05,32.09,1763.82,7.15,54.96,3.49,21,20,8,0,5,2017,58.06,72.73,3.27,11.61,43.04,4.61,2.35,36.96,4.43,4.22
P0025,beauty,2017-06,42.7,2276.96,6.51,53.32,3.49,30,20,8,0,6,2017,54.96,57.45,2.79,2.98,109.21,4.4,12.57,109.94,3.62,7.26
P0025,beauty,2017-07,25.64,1444.69,7.67,56.35,3.49,20,20,8,0,7,2017,53.32,57.7,4.16,5.3,68.65,3.39,4.73,78.22,4.12,4.8
P0025,beauty,2017-08,23.74,1333.49,7.04,56.18,3.49,17,20,8,0,8,2017,56.35,72.7,3.34,4.88,56.18,4.26,5.01,52.69,5.09,9.88
P0025,beauty,2017-09,23.88,1329.91,7.95,55.7,3.49,13,20,8,0,9,2017,56.18,75.41,4.22,3.92,59.49,4.28,4.76,68.09,4.21,8.27
P0025,beauty,2017-10,24.22,1352.17,7.45,55.82,3.49,18,20,8,0,10,2017,55.7,24.73,4.12,2.65,23.11,4.01,1.56,37.95,3.95,4.38
P0025,beauty,2017-11,26.0,1429.91,7.77,55.01,3.49,18,20,8,1,11,2017,55.82,26.71,4.05,2.72,33.82,4.14,2.74,38.9,4.04,5.09
P0025,beauty,2017-12,30.18,1634.63,7.53,54.15,3.49,21,20,8,1,12,2017,55.01,57.79,3.43,3.37,79.46,4.67,16.78,130.0,3.77,15.36
P0025,beauty,2018-01,28.32,1515.81,7.58,53.51,3.49,21,20,8,0,1,2018,54.15,35.09,2.43,6.06,34.51,4.89,6.04,31.02,4.42,3.04
P0025,beauty,2018-02,32.57,1800.66,8.07,55.29,3.49,23,18,8,0,2,2018,53.51,36.6,4.71,6.85,65.56,3.78,4.23,49.56,3.93,6.57
P0025,beauty,2018-03,34.27,1964.93,7.25,57.33,3.49,19,20,8,0,3,2018,55.29,139.05,4.01,7.83,92.96,3.65,7.66,107.48,3.41,11.36
P0026,beauty,2017-01,116.05,6627.72,10.11,57.11,3.99,89,20,8,0,1,2017,57.11,57.73,3.39,7.85,44.85,4.85,7.83,49.71,2.76,9.98
P0026,beauty,2017-02,93.0,5376.83,10.82,57.81,3.99,78,18,8,0,2,2017,57.11,81.11,4.47,6.28,54.7,4.58,7.53,57.16,3.45,7.73
P0026,beauty,2017-03,103.55,6149.01,11.56,59.38,3.99,78,20,8,0,3,2017,57.81,53.78,3.5,3.14,41.3,4.07,6.27,36.33,4.38,3.65
P0026,beauty,2017-04,122.11,7009.98,12.09,57.41,3.99,99,20,8,0,4,2017,59.38,58.45,3.7,9.48,42.25,4.6,2.28,37.64,4.34,3.67
P0026,beauty,2017-05,104.38,5923.68,10.84,56.75,3.99,81,20,8,0,5,2017,57.41,35.64,4.11,6.1,61.43,3.8,12.71,44.31,4.48,2.44
P0026,beauty,2017-06,96.04,5306.14,11.5,55.25,3.99,79,20,8,0,6,2017,56.75,62.48,4.01,12.07,92.57,3.37,10.98,72.72,3.34,6.64
P0026,beauty,2017-07,117.02,6263.44,10.48,53.53,3.99,102,20,8,0,7,2017,55.25,86.43,4.34,16.43,53.69,4.12,5.14,78.65,4.16,4.73
P0026,beauty,2017-08,91.49,4988.1,9.62,54.52,3.99,55,20,8,0,8,2017,53.53,61.78,4.52,6.68,76.0,4.37,12.7,51.43,5.1,9.72
P0026,beauty,2017-09,74.37,4007.86,9.83,53.89,3.99,65,20,8,0,9,2017,54.52,54.99,3.32,7.09,74.79,4.4,3.92,88.2,4.67,14.98
P0026,beauty,2017-10,57.87,3227.06,10.03,55.77,3.99,36,20,8,0,10,2017,53.89,30.24,4.2,2.5,22.93,4.09,1.56,39.98,4.05,4.31
P0026,beauty,2017-11,68.27,3836.69,10.42,56.2,3.99,53,20,8,1,11,2017,55.77,36.07,3.87,2.06,40.31,4.03,5.01,34.48,4.09,5.07
P0026,beauty,2017-12,75.21,4313.08,12.2,57.34,3.99,73,20,8,1,12,2017,56.2,37.47,4.43,4.8,77.74,4.8,10.78,131.75,3.69,18.12
P0026,beauty,2018-01,68.53,3911.16,10.2,57.07,3.99,51,20,8,0,1,2018,57.34,34.79,2.38,6.46,32.95,4.79,6.03,31.21,4.28,3.19
P0026,beauty,2018-02,109.7,6169.11,11.37,56.23,3.99,97,18,8,0,2,2018,57.07,67.78,3.68,4.15,36.04,2.45,6.58,48.16,3.87,8.37
P0026,beauty,2018-03,136.4,7704.45,10.84,56.49,3.99,117,20,8,0,3,2018,56.23,154.31,4.02,26.75,90.22,3.84,7.54,142.51,4.03,7.83
P0027,beauty,2017-01,10.45,781.45,5.74,74.77,4.61,5,20,8,0,1,2017,74.77,55.18,4.28,6.28,58.45,4.11,12.14,46.34,4.49,7.58
P0027,beauty,2017-02,10.58,774.16,4.97,73.19,4.61,8,18,8,0,2,2017,74.77,58.25,4.61,7.58,54.45,3.97,11.68,56.4,4.12,6.96
P0027,beauty,2017-03,10.95,814.66,5.68,74.39,4.61,5,20,8,0,3,2017,73.19,35.83,4.47,3.67,65.92,4.28,5.32,37.78,3.7,4.85
P0027,beauty,2017-04,9.97,758.75,5.37,76.12,4.61,6,20,8,0,4,2017,74.39,54.79,3.83,9.83,45.11,4.82,6.24,45.74,4.47,2.4
P0027,beauty,2017-05,8.97,683.89,5.32,76.27,4.61,11,20,8,0,5,2017,76.12,48.15,4.0,5.07,71.15,3.46,11.32,42.21,4.53,2.31
P0027,beauty,2017-06,10.33,825.63,5.56,79.89,4.61,6,20,8,0,6,2017,76.27,113.99,4.3,11.58,61.42,4.1,12.04,89.21,3.38,10.36
P0027,beauty,2017-07,9.88,768.09,6.12,77.71,4.61,2,20,8,0,7,2017,79.89,72.67,3.48,4.76,62.6,4.54,5.69,56.01,4.95,10.51
P0027,beauty,2017-08,8.18,641.77,5.29,78.44,4.61,3,20,8,0,8,2017,77.71,54.13,4.03,8.91,66.11,4.33,6.91,55.27,4.16,5.44
P0027,beauty,2017-09,8.92,686.3,5.14,76.97,4.61,8,20,8,0,9,2017,78.44,75.38,3.54,5.67,61.2,3.65,10.95,62.8,4.17,4.61
P0027,beauty,2017-10,7.21,556.07,5.19,77.17,4.61,4,20,8,0,10,2017,76.97,33.81,4.05,5.2,30.86,3.9,2.43,30.86,3.92,1.7
P0027,beauty,2017-11,11.41,855.2,5.34,74.95,4.61,4,20,8,1,11,2017,77.17,35.71,3.95,1.89,21.62,4.19,1.32,32.62,4.11,2.62
P0027,beauty,2017-12,8.11,627.78,6.11,77.43,4.61,4,20,8,1,12,2017,74.95,80.95,4.79,17.84,54.82,3.36,3.63,138.41,3.63,17.46
P0027,beauty,2018-01,9.75,755.27,5.16,77.43,4.61,6,20,8,0,1,2018,77.43,34.72,2.51,6.23,108.95,4.22,18.69,51.09,3.61,10.13
P0027,beauty,2018-02,10.54,840.46,6.03,79.7,4.61,6,18,8,0,2,2018,77.43,46.56,3.7,7.76,70.02,3.84,4.33,49.37,3.82,6.41
P0027,beauty,2018-03,10.68,812.86,5.88,76.13,4.61,7,20,8,0,3,2018,79.7,141.43,4.09,25.67,134.06,3.7,18.53,92.77,3.77,8.07
P0028,beauty,2017-01,46.49,2711.15,5.92,58.32,4.16,32,20,8,0,1,2017,58.32,59.24,3.93,11.92,72.5,4.61,5.38,48.72,2.84,10.2
P0028,beauty,2017-02,69.95,3977.73,6.57,56.87,4.16,43,18,8,0,2,2017,58.32,50.52,2.85,8.27,39.85,3.97,8.24,55.52,3.47,8.1
P0028,beauty,2017-03,89.95,5061.64,6.12,56.27,4.16,69,20,8,0,3,2017,56.87,39.84,4.06,5.97,58.1,4.11,8.37,52.61,3.39,3.36
P0028,beauty,2017-04,67.19,3727.69,6.32,55.48,4.16,54,20,8,0,4,2017,56.27,46.2,4.62,6.13,46.49,4.22,4.4,65.7,3.34,12.76
P0028,beauty,2017-05,64.74,3613.98,5.9,55.83,4.16,43,20,8,0,5,2017,55.48,48.58,4.85,6.9,33.96,4.22,5.88,48.01,4.11,4.89
P0028,beauty,2017-06,72.98,4108.78,6.15,56.3,4.16,56,20,8,0,6,2017,55.83,107.74,3.71,7.66,59.72,2.83,2.87,110.66,4.3,12.01
P0028,beauty,2017-07,47.86,2711.83,6.11,56.66,4.16,43,20,8,0,7,2017,56.3,52.83,3.99,8.56,57.94,4.13,5.21,75.88,4.04,4.7
P0028,beauty,2017-08,42.99,2410.1,6.28,56.06,4.16,29,20,8,0,8,2017,56.66,53.58,4.06,8.79,56.28,4.36,5.4,69.02,4.17,4.32
P0028,beauty,2017-09,48.69,2768.64,6.92,56.86,4.16,38,20,8,0,9,2017,56.06,71.83,3.61,5.8,51.95,3.26,7.41,60.22,4.32,4.63
P0028,beauty,2017-10,43.01,2527.53,6.69,58.77,4.16,28,20,8,0,10,2017,56.86,34.34,4.21,5.2,23.79,4.12,2.75,23.34,4.16,1.56
P0028,beauty,2017-11,31.99,1830.66,6.04,57.23,4.16,20,20,8,1,11,2017,58.77,42.15,4.35,8.54,26.0,4.08,2.6,35.48,4.22,2.86
P0028,beauty,2017-12,39.82,2290.74,6.86,57.53,4.16,25,20,8,1,12,2017,57.23,101.0,3.48,20.36,76.1,4.59,10.26,40.89,4.39,4.79
P0028,beauty,2018-01,54.49,3141.11,6.97,57.65,4.16,43,20,8,0,1,2018,57.53,107.6,4.24,18.27,36.14,2.47,5.99,52.05,3.68,10.42
P0028,beauty,2018-02,71.3,4186.33,6.74,58.71,4.16,55,18,8,0,2,2018,57.65,25.29,4.43,2.32,111.37,4.27,18.71,52.88,3.55,8.51
P0028,beauty,2018-03,72.0,4224.28,7.05,58.67,4.16,53,20,8,0,3,2018,58.71,133.06,3.24,24.76,92.53,3.35,12.0,115.7,3.44,11.91
P0029,beauty,2017-01,20.4,1045.23,7.71,51.23,4.54,15,20,8,0,1,2017,51.23,50.16,2.74,10.36,72.81,4.48,5.6,44.59,4.96,8.26
P0029,beauty,2017-02,27.9,1387.2,7.87,49.71,4.54,22,18,8,0,2,2017,51.23,58.58,4.01,11.31,49.0,2.81,8.78,59.51,4.1,6.42
P0029,beauty,2017-03,30.92,1545.52,7.12,49.98,4.54,19,20,8,0,3,2017,49.71,40.93,3.91,6.27,43.84,3.64,2.55,55.58,3.49,3.25
P0029,beauty,2017-04,23.9,1165.42,7.88,48.75,4.54,13,20,8,0,4,2017,49.98,46.45,4.15,4.3,69.03,3.43,11.8,55.46,3.8,10.2
P0029,beauty,2017-05,31.53,1574.07,6.93,49.92,4.54,37,20,8,0,5,2017,48.75,47.81,4.83,7.35,22.52,3.32,1.9,35.92,4.05,5.8
P0029,beauty,2017-06,29.83,1490.44,7.41,49.96,4.54,21,20,8,0,6,2017,49.92,69.5,3.31,6.99,56.88,4.11,11.95,93.71,3.26,15.53
P0029,beauty,2017-07,35.08,1761.44,7.88,50.22,4.54,17,20,8,0,7,2017,49.96,67.82,3.72,8.04,55.0,5.05,10.13,55.57,4.11,4.93
P0029,beauty,2017-08,20.34,996.94,7.7,49.0,4.54,27,20,8,0,8,2017,50.22,67.53,3.57,9.64,56.57,4.16,5.18,56.13,4.89,9.93
P0029,beauty,2017-09,15.99,808.66,7.79,50.58,4.54,10,20,8,0,9,2017,49.0,74.86,3.66,5.41,53.67,3.32,7.21,68.13,4.13,8.15
P0029,beauty,2017-10,17.14,886.68,7.76,51.74,4.54,9,20,8,0,10,2017,50.58,40.58,3.92,4.15,44.17,4.31,8.68,33.02,4.05,5.59
P0029,beauty,2017-11,24.36,1291.18,8.06,53.0,4.54,18,20,8,1,11,2017,51.74,39.05,4.06,5.02,32.79,4.22,4.95,35.43,3.96,2.04
P0029,beauty,2017-12,23.53,1321.64,8.38,56.16,4.54,17,20,8,1,12,2017,53.0,78.5,4.76,10.64,129.7,3.62,16.94,40.09,4.39,4.99
P0029,beauty,2018-01,26.36,1459.11,8.83,55.34,4.54,19,20,8,0,1,2018,56.16,29.91,4.45,3.18,68.74,3.8,4.25,52.85,3.66,9.86
P0029,beauty,2018-02,30.58,1730.15,7.69,56.58,4.54,15,18,8,0,2,2018,55.34,35.54,2.49,6.37,48.13,3.69,8.33,25.46,4.44,2.38
P0029,beauty,2018-03,29.33,1630.73,7.68,55.59,4.54,22,20,8,0,3,2018,56.58,137.9,4.06,7.81,91.96,3.79,7.88,137.83,3.3,23.33
P0030,beauty,2017-01,29.67,1232.27,8.14,41.53,3.99,20,20,8,0,1,2017,41.53,48.25,4.81,8.14,59.96,3.96,12.04,60.46,3.51,7.91
P0030,beauty,2017-02,31.69,1327.88,7.34,41.91,3.99,22,18,8,0,2,2017,41.53,83.0,4.57,5.81,42.11,4.8,8.0,54.15,3.47,7.69
P0030,beauty,2017-03,30.79,1296.41,7.65,42.1,3.99,11,20,8,0,3,2017,41.91,42.37,4.7,8.54,38.56,3.91,4.61,65.33,4.3,5.42
P0030,beauty,2017-04,41.76,1785.51,7.28,42.75,3.99,28,20,8,0,4,2017,42.1,23.03,3.28,1.96,46.16,4.46,2.2,53.55,3.79,9.42
P0030,beauty,2017-05,34.37,1447.87,7.85,42.12,3.99,21,20,8,0,5,2017,42.75,23.32,3.36,1.84,62.78,3.68,12.12,43.88,4.17,4.84
P0030,beauty,2017-06,35.23,1480.0,8.17,42.01,3.99,19,20,8,0,6,2017,42.12,88.2,3.43,10.97,74.57,3.31,6.56,83.33,3.59,16.22
P0030,beauty,2017-07,25.47,1083.27,7.34,42.53,3.99,22,20,8,0,7,2017,42.01,86.15,4.39,16.67,53.92,5.14,9.92,54.03,3.88,9.0
P0030,beauty,2017-08,24.0,1067.1,7.25,44.46,3.99,17,20,8,0,8,2017,42.53,51.98,4.08,8.74,66.81,3.67,9.33,62.18,4.45,6.66
P0030,beauty,2017-09,21.62,927.7,8.3,42.91,3.99,19,20,8,0,9,2017,44.46,60.52,3.55,10.47,59.94,4.28,4.61,79.38,4.39,3.97
P0030,beauty,2017-10,28.08,1134.57,7.35,40.4,3.99,21,20,8,0,10,2017,42.91,23.12,4.21,1.58,30.0,3.77,2.5,35.81,4.21,5.38
P0030,beauty,2017-11,28.05,1119.49,6.75,39.9,3.99,31,20,8,1,11,2017,40.4,33.1,3.92,1.99,29.93,3.81,2.27,42.65,4.16,8.05
P0030,beauty,2017-12,25.34,1018.19,7.72,40.19,3.99,17,20,8,1,12,2017,39.9,101.98,3.34,19.92,77.69,4.68,10.55,123.82,3.66,15.96
P0030,beauty,2018-01,31.06,1258.93,6.84,40.53,3.99,17,20,8,0,1,2018,40.19,56.17,3.8,9.13,54.26,3.53,10.29,108.21,4.16,19.83
P0030,beauty,2018-02,28.27,1151.04,7.99,40.72,3.99,13,18,8,0,2,2018,40.53,64.39,3.86,4.37,51.78,3.83,6.29,52.23,3.63,8.45
P0030,beauty,2018-03,39.14,1652.84,8.19,42.23,3.99,13,20,8,0,3,2018,40.72,132.01,3.27,25.33,148.1,4.08,25.56,90.14,3.84,7.48
P0031,beauty,2017-01,18.73,989.01,9.99,52.8,2.8,15,20,8,0,1,2017,52.8,40.79,3.96,7.39,54.99,4.24,6.35,46.63,5.0,8.25
P0031,beauty,2017-02,18.83,988.85,10.74,52.5,2.8,13,18,8,0,2,2017,52.8,41.23,4.96,7.85,55.44,3.54,8.45,54.61,4.6,7.63
P0031,beauty,2017-03,30.4,1568.41,10.19,51.6,2.8,18,20,8,0,3,2017,52.5,40.91,4.01,6.46,37.54,3.84,4.88,51.13,3.43,3.41
P0031,beauty,2017-04,25.7,1311.4,10.08,51.02,2.8,22,20,8,0,4,2017,51.6,54.1,3.65,9.78,45.67,4.67,6.08,43.64,4.39,2.2
P0031,beauty,2017-05,33.33,1683.82,9.67,50.52,2.8,17,20,8,0,5,2017,51.02,36.5,4.56,4.32,48.31,4.77,7.32,42.0,4.59,2.26
P0031,beauty,2017-06,18.28,919.22,10.03,50.29,2.8,16,20,8,0,6,2017,50.52,62.47,3.99,12.43,72.6,3.32,6.91,85.57,3.7,17.11
P0031,beauty,2017-07,23.82,1143.7,10.01,48.02,2.8,18,20,8,0,7,2017,50.29,64.66,4.38,5.43,83.23,4.41,16.48,55.07,3.96,8.45
P0031,beauty,2017-08,16.84,804.8,8.77,47.8,2.8,11,20,8,0,8,2017,48.02,76.03,4.41,13.5,70.93,3.39,5.14,54.3,3.88,8.23
P0031,beauty,2017-09,12.8,610.44,8.88,47.67,2.8,10,20,8,0,9,2017,47.8,73.61,3.57,5.4,66.77,4.12,8.11,87.7,4.61,14.83
P0031,beauty,2017-10,21.92,1050.31,9.99,47.93,2.8,14,20,8,0,10,2017,47.67,33.55,4.06,5.59,30.26,4.14,2.45,23.89,4.18,1.63
P0031,beauty,2017-11,23.22,1115.55,9.17,48.04,2.8,12,20,8,1,11,2017,47.93,44.61,4.37,8.49,30.05,3.8,2.31,21.41,4.21,1.28
P0031,beauty,2017-12,24.02,1190.28,10.18,49.56,2.8,14,20,8,1,12,2017,48.04,52.46,4.32,8.73,56.46,3.45,3.66,79.39,4.66,10.36
P0031,beauty,2018-01,16.42,804.48,8.88,49.01,2.8,6,20,8,0,1,2018,49.56,33.78,4.88,6.11,31.74,4.34,3.15,37.11,2.5,6.36
P0031,beauty,2018-02,28.96,1409.44,8.62,48.68,2.8,20,18,8,0,2,2018,49.01,106.39,4.26,20.02,37.93,4.74,6.98,49.84,3.66,8.88
P0031,beauty,2018-03,27.61,1377.83,9.32,49.9,2.8,17,20,8,0,3,2018,48.68,94.14,3.4,12.0,148.53,4.14,26.86,140.39,4.18,7.36
P0032,beauty,2017-01,27.91,1251.85,8.95,44.86,4.91,18,20,8,0,1,2017,44.86,57.75,4.19,6.01,50.19,4.42,7.88,60.63,3.54,8.3
P0032,beauty,2017-02,47.38,2141.29,7.78,45.2,4.91,41,18,8,0,2,2017,44.86,58.85,3.92,11.83,50.18,2.87,8.64,81.29,4.71,6.11
P0032,beauty,2017-03,55.16,2542.79,7.8,46.1,4.91,39,20,8,0,3,2017,45.2,42.8,4.69,8.32,40.81,4.05,6.2,45.88,3.74,2.57
P0032,beauty,2017-04,35.05,1631.1,8.2,46.53,4.91,33,20,8,0,4,2017,46.1,35.82,4.19,5.15,24.33,3.37,2.07,45.32,4.56,2.28
P0032,beauty,2017-05,39.01,1820.66,7.75,46.67,4.91,21,20,8,0,5,2017,46.53,34.22,4.03,6.08,47.75,4.03,4.8,37.53,4.44,4.5
P0032,beauty,2017-06,36.65,1692.61,7.69,46.18,4.91,23,20,8,0,6,2017,46.67,88.21,3.46,11.24,59.49,2.9,3.08,107.43,3.73,7.71
P0032,beauty,2017-07,28.94,1358.72,7.94,46.95,4.91,22,20,8,0,7,2017,46.18,55.79,4.34,5.28,82.48,4.29,15.67,76.25,4.03,4.84
P0032,beauty,2017-08,27.68,1298.98,9.3,46.92,4.91,19,20,8,0,8,2017,46.95,61.29,4.52,7.06,53.55,4.26,5.08,78.95,4.48,13.38
P0032,beauty,2017-09,25.48,1171.35,8.7,45.98,4.91,23,20,8,0,9,2017,46.92,56.54,3.3,7.26,87.92,4.53,14.32,58.09,4.27,4.59
P0032,beauty,2017-10,33.95,1549.8,8.86,45.65,4.91,28,20,8,0,10,2017,45.98,24.77,4.2,1.55,32.7,4.24,5.67,28.97,3.94,2.44
P0032,beauty,2017-11,34.6,1519.91,7.49,43.93,4.91,14,20,8,1,11,2017,45.65,39.06,3.96,4.7,22.54,4.21,1.27,29.8,3.97,2.41
P0032,beauty,2017-12,44.61,1909.76,7.43,42.81,4.91,29,20,8,1,12,2017,43.93,80.49,4.77,10.08,38.01,4.43,4.77,59.26,3.45,3.57
P0032,beauty,2018-01,31.79,1291.32,7.08,40.62,4.91,15,20,8,0,1,2018,42.81,70.8,3.85,4.23,111.17,4.25,19.52,36.86,2.39,6.38
P0032,beauty,2018-02,35.39,1428.98,7.66,40.38,4.91,21,18,8,0,2,2018,40.62,50.41,3.54,9.02,38.2,4.67,7.18,34.43,2.48,6.6
P0032,beauty,2018-03,44.72,1918.76,7.91,42.91,4.91,38,20,8,0,3,2018,40.38,133.65,3.3,25.09,134.66,3.59,17.76,109.25,3.41,11.36
P0033,toys,2017-01,74.8,11035.5,25.31,147.54,4.02,68,20,8,0,1,2017,147.54,51.08,4.66,7.18,48.48,4.78,7.9,44.06,4.06,7.88
P0033,toys,2017-02,75.4,11419.81,23.71,151.46,4.02,65,18,8,0,2,2017,147.54,51.52,2.73,8.87,57.8,3.94,11.34,55.41,4.55,7.72
P0033,toys,2017-03,89.31,13506.7,26.15,151.23,4.02,77,20,8,0,3,2017,151.46,42.0,3.71,2.91,60.41,4.23,7.99,39.91,4.03,6.15
P0033,toys,2017-04,67.94,10048.21,23.28,147.9,4.02,51,20,8,0,4,2017,151.23,37.15,4.32,3.84,45.75,4.86,7.07,64.1,3.45,11.07
P0033,toys,2017-05,78.36,12086.2,25.43,154.25,4.02,63,20,8,0,5,2017,147.9,70.12,3.45,10.48,38.19,4.51,3.66,22.4,3.45,1.83
P0033,toys,2017-06,71.49,11169.76,28.65,156.24,4.02,54,20,8,0,6,2017,154.25,57.48,2.82,3.16,88.1,3.46,11.0,93.63,3.19,16.5
P0033,toys,2017-07,64.82,9556.25,27.11,147.42,4.02,52,20,8,0,7,2017,156.24,54.42,4.93,9.29,66.48,3.61,8.43,70.98,3.41,4.36
P0033,toys,2017-08,64.34,9811.4,28.53,152.5,4.02,45,20,8,0,8,2017,147.42,55.22,5.15,10.72,52.33,4.33,4.38,78.52,4.3,13.77
P0033,toys,2017-09,84.6,12461.48,26.69,147.3,4.02,61,20,8,0,9,2017,152.5,71.15,3.61,5.62,59.03,3.54,12.0,53.6,3.39,6.88
P0033,toys,2017-10,61.84,9085.43,24.41,146.91,4.02,47,20,8,0,10,2017,147.3,31.88,4.16,2.57,24.13,4.05,2.7,25.85,4.04,1.47
P0033,toys,2017-11,79.22,11913.78,26.72,150.39,4.02,57,20,8,1,11,2017,146.91,37.68,4.07,4.21,36.12,3.86,1.77,41.84,4.22,8.66
P0033,toys,2017-12,55.4,8253.6,25.79,148.99,4.02,47,20,8,1,12,2017,150.39,39.43,4.42,4.28,57.85,3.51,3.56,52.53,4.33,8.08
P0033,toys,2018-01,74.43,11475.17,28.7,154.18,4.02,60,20,8,0,1,2018,148.99,32.36,4.82,6.0,68.87,3.66,4.17,35.2,2.44,5.76
P0033,toys,2018-02,72.85,11436.89,28.98,156.99,4.02,55,18,8,0,2,2018,154.18,62.21,3.83,4.15,27.63,4.42,2.57,51.42,3.8,8.56
P0033,toys,2018-03,80.31,11954.17,25.17,148.85,4.02,58,20,8,0,3,2018,156.99,125.18,3.63,17.61,92.62,3.65,7.05,133.85,4.09,8.39
P0034,toys,2017-01,34.49,4656.45,21.98,135.01,3.26,14,20,8,0,1,2017,135.01,51.82,2.82,9.54,52.17,4.53,6.75,45.41,4.93,7.69
P0034,toys,2017-02,57.63,7864.06,24.89,136.46,3.26,38,18,8,0,2,2017,135.01,42.57,4.01,8.23,57.33,4.24,6.71,58.43,3.41,7.48
P0034,toys,2017-03,41.25,5534.4,25.2,134.17,3.26,32,20,8,0,3,2017,136.46,40.54,4.11,5.62,42.63,3.77,2.82,69.8,4.47,5.32
P0034,toys,2017-04,49.35,6597.88,22.13,133.7,3.26,37,20,8,0,4,2017,134.17,46.6,3.99,3.8,47.44,4.65,6.75,39.03,4.32,3.79
P0034,toys,2017-05,34.7,4770.65,23.82,137.48,3.26,16,20,8,0,5,2017,133.7,61.41,3.67,10.96,37.52,4.32,3.84,46.0,4.65,5.82
P0034,toys,2017-06,50.57,7014.48,22.78,138.7,3.26,44,20,8,0,6,2017,137.48,56.46,2.81,3.21,62.53,4.06,11.42,96.16,3.2,16.61
P0034,toys,2017-07,47.13,6346.04,25.99,134.66,3.26,40,20,8,0,7,2017,138.7,60.71,4.47,5.45,56.78,3.91,9.88,77.58,4.0,4.97
P0034,toys,2017-08,27.02,3667.19,24.67,135.72,3.26,30,20,8,0,8,2017,134.66,70.59,3.46,5.18,52.74,4.29,4.76,79.48,4.35,13.61
P0034,toys,2017-09,21.18,2825.52,24.38,133.39,3.26,8,20,8,0,9,2017,135.72,82.53,4.37,4.0,59.94,4.16,4.46,65.84,4.1,8.01
P0034,toys,2017-10,28.73,3703.68,24.85,128.93,3.26,23,20,8,0,10,2017,133.39,32.7,3.83,1.84,29.75,3.8,2.44,33.74,4.23,4.86
P0034,toys,2017-11,42.29,5307.42,23.91,125.49,3.26,38,20,8,1,11,2017,128.93,31.45,3.95,2.62,21.03,4.09,1.29,36.6,4.0,1.83
P0034,toys,2017-12,48.72,6255.61,24.39,128.39,3.26,35,20,8,1,12,2017,125.49,37.71,4.32,4.31,135.26,3.75,16.41,53.49,4.3,8.51
P0034,toys,2018-01,44.49,5764.4,22.46,129.56,3.26,33,20,8,0,1,2018,128.39,31.3,4.74,6.27,34.46,4.25,3.25,36.41,2.4,5.95
P0034,toys,2018-02,31.15,4070.87,22.33,130.69,3.26,26,18,8,0,2,2018,129.56,110.57,4.23,18.49,62.42,3.7,4.38,39.86,4.83,8.63
P0034,toys,2018-03,52.02,6602.07,24.02,126.92,3.26,54,20,8,0,3,2018,130.69,108.64,3.28,10.36,131.17,3.79,17.32,149.3,4.11,25.3
P0035,toys,2017-01,33.02,3482.23,7.44,105.44,3.48,29,20,8,0,1,2017,105.44,42.58,4.03,7.69,48.68,5.01,7.47,54.84,3.97,10.3
P0035,toys,2017-02,45.56,4657.7,7.53,102.23,3.48,44,18,8,0,2,2017,105.44,60.2,4.06,7.21,56.87,3.46,7.41,48.27,2.74,8.98
P0035,toys,2017-03,41.56,4149.97,6.86,99.86,3.48,30,20,8,0,3,2017,102.23,37.56,3.81,4.93,36.38,4.47,3.9,43.41,3.6,2.82
P0035,toys,2017-04,42.05,4216.25,8.01,100.26,3.48,26,20,8,0,4,2017,99.86,37.85,4.54,3.85,45.42,4.72,6.82,63.17,3.43,10.5
P0035,toys,2017-05,53.21,5146.41,7.43,96.72,3.48,31,20,8,0,5,2017,100.26,37.28,4.21,5.87,38.51,4.35,3.81,46.46,4.21,4.59
P0035,toys,2017-06,41.59,4169.15,7.01,100.25,3.48,38,20,8,0,6,2017,96.72,67.07,4.02,10.77,88.21,3.28,16.27,91.72,3.43,10.1
P0035,toys,2017-07,27.4,2987.66,8.31,109.02,3.48,18,20,8,0,7,2017,100.25,67.09,3.63,8.16,57.07,4.12,5.59,54.73,4.08,9.51
P0035,toys,2017-08,25.13,2765.54,8.15,110.03,3.48,23,20,8,0,8,2017,109.02,54.4,4.02,9.12,71.45,3.44,5.19,64.12,4.42,5.74
P0035,toys,2017-09,28.33,3005.93,7.83,106.12,3.48,18,20,8,0,9,2017,110.03,71.5,3.67,5.9,110.71,4.08,16.7,54.31,3.31,7.15
P0035,toys,2017-10,22.56,2373.88,8.26,105.24,3.48,16,20,8,0,10,2017,106.12,32.29,4.0,1.74,34.29,4.03,4.93,45.17,4.35,9.61
P0035,toys,2017-11,43.97,4415.55,6.84,100.41,3.48,36,20,8,1,11,2017,105.24,20.59,3.99,1.39,43.85,4.3,8.71,30.28,3.97,2.59
P0035,toys,2017-12,38.97,3898.74,7.43,100.05,3.48,25,20,8,1,12,2017,100.41,105.37,3.35,18.49,132.02,3.72,14.42,40.21,4.36,4.56
P0035,toys,2018-01,32.21,3303.78,7.64,102.56,3.48,14,20,8,0,1,2018,100.05,52.43,3.82,9.16,34.58,2.48,5.75,51.39,3.54,10.0
P0035,toys,2018-02,37.9,3977.95,7.65,104.96,3.48,35,18,8,0,2,2018,102.56,109.55,4.36,18.69,52.59,3.48,10.18,33.33,2.39,5.63
P0035,toys,2018-03,43.86,4466.88,7.03,101.84,3.48,40,20,8,0,3,2018,104.96,90.07,3.44,13.37,141.0,4.09,23.58,129.11,3.24,26.05
P0036,toys,2017-01,56.45,5692.61,7.97,100.84,3.76,40,20,8,0,1,2017,100.84,40.18,4.06,8.18,78.29,4.68,5.46,52.01,4.67,6.96
P0036,toys,2017-02,61.08,6363.34,9.04,104.18,3.76,41,18,8,0,2,2017,100.84,44.03,3.89,8.14,53.55,4.63,7.55,48.27,2.81,8.88
P0036,toys,2017-03,54.4,5918.78,9.15,108.8,3.76,30,20,8,0,3,2017,104.18,37.83,3.92,5.65,54.1,3.53,3.31,61.06,4.23,8.58
P0036,toys,2017-04,72.21,7608.9,8.94,105.37,3.76,44,20,8,0,4,2017,108.8,45.66,4.61,6.76,23.36,3.38,1.87,65.37,3.45,10.82
P0036,toys,2017-05,54.45,5551.85,8.59,101.97,3.76,37,20,8,0,5,2017,105.37,43.44,4.1,4.42,65.98,3.4,11.24,59.52,3.73,10.82
P0036,toys,2017-06,71.96,7327.31,7.37,101.83,3.76,65,20,8,0,6,2017,101.97,82.07,3.67,18.54,66.43,4.04,11.55,53.29,2.8,3.15
P0036,toys,2017-07,57.27,5312.44,7.38,92.77,3.76,56,20,8,0,7,2017,101.83,77.39,4.27,14.33,62.37,4.55,5.54,70.15,3.42,4.77
P0036,toys,2017-08,49.0,4520.72,7.98,92.25,3.76,29,20,8,0,8,2017,92.77,67.97,3.4,5.01,62.72,4.3,5.97,63.76,3.62,7.78
P0036,toys,2017-09,47.68,4414.41,7.7,92.59,3.76,41,20,8,0,9,2017,92.25,61.54,4.23,4.34,68.46,4.26,8.11,106.51,4.02,16.69
P0036,toys,2017-10,54.36,5018.13,7.33,92.32,3.76,28,20,8,0,10,2017,92.59,32.54,3.93,1.77,24.05,4.21,1.48,48.53,4.31,10.06
P0036,toys,2017-11,58.35,5176.47,6.35,88.71,3.76,48,20,8,1,11,2017,92.32,20.76,3.97,1.34,36.73,3.97,4.5,41.24,4.31,8.47
P0036,toys,2017-12,76.58,6866.0,7.31,89.66,3.76,60,20,8,1,12,2017,88.71,80.55,4.84,17.08,80.56,4.84,10.23,52.88,4.1,8.56
P0036,toys,2018-01,82.79,7357.68,6.87,88.88,3.76,61,20,8,0,1,2018,89.66,34.64,2.49,5.82,48.61,3.79,5.66,52.3,3.79,9.63
P0036,toys,2018-02,67.04,6221.41,7.0,92.81,3.76,54,18,8,0,2,2018,88.88,27.14,4.38,2.66,47.63,3.9,6.19,33.82,2.51,5.45
P0036,toys,2018-03,80.95,7376.59,7.07,91.12,3.76,52,20,8,0,3,2018,92.81,147.54,4.03,24.33,141.27,4.03,8.58,134.31,3.28,25.65
P0037,toys,2017-01,11.58,1135.15,12.52,97.99,3.35,10,20,8,0,1,2017,97.99,48.91,4.85,7.41,43.46,4.04,7.79,56.72,4.1,5.79
P0037,toys,2017-02,12.89,1256.17,12.85,97.43,3.35,14,18,8,0,2,2017,97.99,56.6,3.43,7.58,50.41,2.88,8.88,42.78,4.81,7.87
P0037,toys,2017-03,13.21,1311.64,12.25,99.32,3.35,12,20,8,0,3,2017,97.43,41.65,4.66,7.3,43.37,3.77,2.7,36.75,3.86,5.08
P0037,toys,2017-04,21.1,1934.46,11.86,91.7,3.35,16,20,8,0,4,2017,99.32,61.0,3.32,10.24,24.65,3.48,1.95,46.06,4.21,4.15
P0037,toys,2017-05,15.97,1465.45,12.43,91.76,3.35,10,20,8,0,5,2017,91.7,67.61,3.28,11.2,36.71,4.19,5.81,44.7,4.4,2.26
P0037,toys,2017-06,11.5,1092.86,12.52,95.07,3.35,8,20,8,0,6,2017,91.76,93.37,3.56,10.73,113.3,4.32,13.46,101.03,3.62,7.22
P0037,toys,2017-07,15.46,1461.67,13.31,94.56,3.35,14,20,8,0,7,2017,95.07,65.52,3.57,7.76,53.57,5.0,9.57,64.06,4.56,5.39
P0037,toys,2017-08,8.09,733.15,12.51,90.68,3.35,5,20,8,0,8,2017,94.56,53.52,4.88,10.66,66.31,4.32,6.05,82.04,4.49,13.88
P0037,toys,2017-09,10.34,959.8,12.18,92.87,3.35,10,20,8,0,9,2017,90.68,115.2,4.17,17.0,82.1,4.3,3.93,73.31,3.63,6.01
P0037,toys,2017-10,10.14,960.82,13.57,94.76,3.35,13,20,8,0,10,2017,92.87,33.0,4.0,1.72,24.54,4.14,2.81,30.82,4.11,2.46
P0037,toys,2017-11,12.94,1223.46,13.24,94.57,3.35,10,20,8,1,11,2017,94.76,38.59,3.94,4.27,29.77,3.96,2.57,37.18,4.05,6.15
P0037,toys,2017-12,14.45,1326.13,11.63,91.77,3.35,7,20,8,1,12,2017,94.57,49.95,4.3,8.33,81.52,4.77,10.29,135.78,3.73,16.55
P0037,toys,2018-01,15.7,1422.79,12.05,90.63,3.35,17,20,8,0,1,2018,91.77,52.86,3.78,9.93,115.2,4.31,19.23,35.58,2.38,5.86
P0037,toys,2018-02,15.88,1444.1,11.85,90.93,3.35,12,18,8,0,2,2018,90.63,110.43,4.39,18.95,52.57,3.67,10.17,36.07,2.38,5.56
P0037,toys,2018-03,13.55,1213.1,12.49,89.52,3.35,7,20,8,0,3,2018,90.93,140.93,4.08,24.67,145.38,4.19,8.77,126.54,3.77,17.78
P0038,toys,2017-01,107.05,10558.55,9.05,98.63,3.36,67,20,8,0,1,2017,98.63,48.55,2.76,9.4,54.49,4.06,5.83,50.97,4.52,7.07
P0038,toys,2017-02,143.21,13908.94,9.41,97.12,3.36,134,18,8,0,2,2017,98.63,44.81,4.85,7.76,74.74,4.6,6.04,56.8,3.96,10.73
P0038,toys,2017-03,123.38,12098.44,9.38,98.06,3.36,89,20,8,0,3,2017,97.12,36.15,3.74,5.17,39.57,4.03,5.82,72.25,4.26,5.28
P0038,toys,2017-04,175.2,17074.37,9.82,97.46,3.36,130,20,8,0,4,2017,98.06,62.08,3.3,10.9,42.66,4.12,3.82,37.7,4.36,3.84
P0038,toys,2017-05,128.45,12627.11,8.76,98.3,3.36,114,20,8,0,5,2017,97.46,21.79,3.4,1.83,40.79,4.5,2.24,46.77,4.8,6.31
P0038,toys,2017-06,120.6,12002.19,10.69,99.52,3.36,74,20,8,0,6,2017,98.3,107.8,4.42,13.11,83.39,3.71,17.23,105.92,3.6,7.66
P0038,toys,2017-07,113.79,11732.86,10.19,103.11,3.36,80,20,8,0,7,2017,99.52,82.68,4.49,13.61,72.17,3.49,4.58,55.09,3.98,8.99
P0038,toys,2017-08,77.69,8566.06,11.35,110.26,3.36,73,20,8,0,8,2017,103.11,55.34,3.96,9.57,53.99,5.02,10.67,67.59,4.42,6.0
P0038,toys,2017-09,86.91,9709.91,11.85,111.72,3.36,61,20,8,0,9,2017,110.26,60.0,4.25,4.14,78.72,4.31,3.93,89.46,4.51,16.5
P0038,toys,2017-10,98.03,10415.88,10.73,106.25,3.36,82,20,8,0,10,2017,111.72,45.69,4.37,10.01,36.3,4.04,4.79,23.74,4.09,1.46
P0038,toys,2017-11,109.81,10724.69,8.68,97.67,3.36,85,20,8,1,11,2017,106.25,37.71,4.15,5.99,30.15,3.84,2.56,42.9,4.33,8.9
P0038,toys,2017-12,114.99,11317.99,10.47,98.42,3.36,90,20,8,1,12,2017,97.67,127.58,3.63,14.32,86.07,4.9,16.75,52.01,4.29,8.56
P0038,toys,2018-01,140.4,13981.61,10.17,99.58,3.36,92,20,8,0,1,2018,98.42,31.9,4.44,3.2,52.0,3.5,10.18,31.52,4.91,6.04
P0038,toys,2018-02,162.18,15681.87,10.12,96.7,3.36,114,18,8,0,2,2018,99.58,111.08,4.2,17.85,48.54,3.76,8.59,46.89,3.84,5.75
P0038,toys,2018-03,131.79,13013.48,9.49,98.75,3.36,100,20,8,0,3,2018,96.7,134.81,3.18,23.8,132.31,3.62,17.43,144.52,4.19,9.09
P0039,toys,2017-01,25.27,3353.43,19.02,132.73,3.69,14,20,8,0,1,2017,132.73,58.56,4.08,10.44,57.29,4.25,5.86,76.03,4.69,5.06
P0039,toys,2017-02,34.39,4637.46,20.05,134.84,3.69,23,18,8,0,2,2017,132.73,56.7,3.99,10.62,44.39,5.05,7.93,58.44,3.58,6.9
P0039,toys,2017-03,34.43,4602.51,18.5,133.67,3.69,28,20,8,0,3,2017,134.84,36.34,3.88,4.93,40.64,4.8,7.9,58.82,4.19,8.24
P0039,toys,2017-04,26.07,3535.66,18.49,135.61,3.69,21,20,8,0,4,2017,133.67,61.61,3.29,11.13,42.64,4.39,2.18,46.69,4.69,6.56
P0039,toys,2017-05,35.96,4622.92,17.79,128.55,3.69,21,20,8,0,5,2017,135.61,36.37,4.43,3.78,59.58,3.77,10.51,43.01,4.65,2.3
P0039,toys,2017-06,35.26,4507.88,17.55,127.86,3.69,23,20,8,0,6,2017,128.55,104.48,3.54,7.37,75.28,3.23,6.13,60.91,4.13,10.9
P0039,toys,2017-07,26.75,3435.95,18.83,128.45,3.69,24,20,8,0,7,2017,127.86,82.19,4.5,13.35,58.12,5.1,9.96,67.13,3.37,4.38
P0039,toys,2017-08,25.22,3121.26,16.72,123.75,3.69,21,20,8,0,8,2017,128.45,53.94,5.03,9.95,66.84,3.65,8.29,78.78,4.37,14.3
P0039,toys,2017-09,23.91,3185.76,18.27,133.24,3.69,16,20,8,0,9,2017,123.75,65.1,4.25,7.79,93.91,4.44,15.82,59.17,4.26,4.44
P0039,toys,2017-10,23.39,3073.95,17.53,131.43,3.69,19,20,8,0,10,2017,133.24,23.76,4.18,2.6,30.63,4.22,2.38,35.87,4.17,5.2
P0039,toys,2017-11,28.17,3880.57,18.96,137.76,3.69,27,20,8,1,11,2017,131.43,32.35,4.27,2.45,44.53,4.31,8.58,31.12,3.76,2.6
P0039,toys,2017-12,31.48,4242.62,19.02,134.76,3.69,15,20,8,1,12,2017,137.76,54.18,3.43,3.4,37.54,4.28,4.24,75.48,4.68,10.78
P0039,toys,2018-01,29.45,3945.78,18.01,133.99,3.69,23,20,8,0,1,2018,134.76,70.63,3.83,4.04,31.85,4.92,5.97,50.73,3.5,9.97
P0039,toys,2018-02,29.93,4162.49,18.54,139.1,3.69,34,18,8,0,2,2018,133.99,52.01,3.48,9.79,49.37,3.77,5.89,67.54,3.71,4.29
P0039,toys,2018-03,37.39,5229.62,19.63,139.85,3.69,26,20,8,0,3,2018,139.1,104.11,3.38,10.33,91.03,3.85,7.27,151.54,4.12,24.48
P0040,toys,2017-01,24.18,3528.71,8.57,145.95,4.08,15,20,8,0,1,2017,145.95,55.38,4.07,5.87,41.73,4.08,7.67,74.19,4.57,5.49
P0040,toys,2017-02,40.57,5963.62,8.65,146.98,4.08,27,18,8,0,2,2017,145.95,57.47,4.11,7.16,59.23,3.44,7.37,57.31,4.54,7.74
P0040,toys,2017-03,47.99,6755.31,8.94,140.76,4.08,31,20,8,0,3,2017,146.98,43.27,3.58,2.91,57.21,4.1,8.56,39.99,4.69,7.73
P0040,toys,2017-04,43.17,6032.1,7.73,139.71,4.08,48,20,8,0,4,2017,140.76,57.23,3.64,11.56,33.79,4.09,4.94,44.61,4.12,4.17
P0040,toys,2017-05,39.67,5409.17,8.07,136.36,4.08,38,20,8,0,5,2017,139.71,21.81,3.33,1.77,36.77,4.17,5.98,70.46,3.43,10.46
P0040,toys,2017-06,34.53,4784.07,8.26,138.53,4.08,22,20,8,0,6,2017,136.36,86.15,3.46,10.43,108.22,3.56,7.82,118.7,4.48,13.08
P0040,toys,2017-07,38.19,5237.39,8.61,137.15,4.08,24,20,8,0,7,2017,138.53,56.58,4.33,5.27,55.44,5.09,9.43,55.94,3.89,9.31
P0040,toys,2017-08,22.29,3079.59,8.95,138.16,4.08,22,20,8,0,8,2017,137.15,53.97,5.15,9.74,69.44,3.58,8.3,77.53,4.49,12.98
P0040,toys,2017-09,28.15,3909.69,7.47,138.86,4.08,15,20,8,0,9,2017,138.16,77.77,4.27,3.84,66.4,4.25,7.71,63.53,3.51,11.67
P0040,toys,2017-10,24.53,3426.1,8.66,139.64,4.08,29,20,8,0,10,2017,138.86,23.75,4.12,2.74,24.56,4.13,1.41,31.5,4.01,1.75
P0040,toys,2017-11,21.07,2956.79,8.12,140.31,4.08,17,20,8,1,11,2017,139.64,30.99,3.98,2.64,38.17,4.09,4.38,20.58,4.12,1.34
P0040,toys,2017-12,34.03,4702.91,7.87,138.19,4.08,22,20,8,1,12,2017,140.31,51.81,4.15,8.31,58.61,3.48,3.57,79.22,4.76,10.62
P0040,toys,2018-01,50.01,6733.56,8.33,134.64,4.08,44,20,8,0,1,2018,138.19,33.43,4.79,6.15,109.21,4.16,18.54,32.35,4.36,3.27
P0040,toys,2018-02,41.07,5475.12,8.7,133.32,4.08,23,18,8,0,2,2018,134.64,111.47,4.24,18.02,33.53,2.44,5.34,50.8,3.6,9.83
P0040,toys,2018-03,34.19,4777.79,8.29,139.76,4.08,24,20,8,0,3,2018,133.32,129.23,3.59,17.29,109.12,3.34,10.93,106.82,3.39,8.36
P0041,sports,2017-01,25.15,2721.9,19.6,108.22,4.29,18,20,8,0,1,2017,108.22,53.93,4.17,5.96,41.87,3.89,8.25,52.18,4.48,7.15
P0041,sports,2017-02,27.1,2978.55,16.46,109.92,4.29,16,18,8,0,2,2017,108.22,44.03,4.82,8.56,63.48,4.39,5.79,58.23,4.15,8.11
P0041,sports,2017-03,26.68,3038.91,19.59,113.92,4.29,15,20,8,0,3,2017,109.92,58.94,4.15,8.78,40.83,3.9,6.35,35.89,3.7,5.31
P0041,sports,2017-04,24.81,2706.35,19.22,109.1,4.29,18,20,8,0,4,2017,113.92,42.03,4.39,2.34,46.09,4.22,3.75,38.47,4.38,3.91
P0041,sports,2017-05,23.23,2564.62,19.03,110.42,4.29,18,20,8,0,5,2017,109.1,59.21,2.83,3.14,88.59,3.55,9.21,113.12,3.55,7.84
P0041,sports,2017-06,32.71,3482.64,16.42,106.46,4.29,24,20,8,0,6,2017,110.42,114.32,4.55,13.61,86.78,3.33,15.84,66.17,4.13,11.52
P0041,sports,2017-07,24.01,2531.94,16.49,105.47,4.29,15,20,8,0,7,2017,106.46,75.18,4.0,4.88,74.96,3.39,5.38,86.68,4.43,16.72
P0041,sports,2017-08,19.17,2056.49,18.87,107.26,4.29,14,20,8,0,8,2017,105.47,53.13,3.34,6.72,73.47,4.18,4.24,69.93,4.07,8.01
P0041,sports,2017-09,15.73,1767.92,20.18,112.4,4.29,10,20,8,0,9,2017,107.26,54.84,3.32,7.35,64.65,4.22,5.11,57.34,3.55,11.65
P0041,sports,2017-10,16.95,1849.47,19.12,109.09,4.29,11,20,8,0,10,2017,112.4,32.7,4.18,2.96,23.62,4.18,2.35,39.86,3.89,4.58
P0041,sports,2017-11,20.6,2234.05,16.13,108.47,4.29,12,20,8,1,11,2017,109.09,49.51,4.23,7.77,115.19,3.38,19.74,62.66,3.36,3.96
P0041,sports,2017-12,21.26,2380.92,17.14,111.96,4.29,13,20,8,1,12,2017,108.47,58.86,3.41,3.74,137.06,3.78,15.58,48.52,4.2,9.35
P0041,sports,2018-01,28.58,3041.8,17.97,106.44,4.29,17,20,8,0,1,2018,111.96,35.94,2.42,6.5,31.02,4.28,3.3,52.83,3.67,9.44
P0041,sports,2018-02,36.37,3917.13,19.38,107.69,4.29,28,18,8,0,2,2018,106.44,140.0,4.1,8.55,93.48,3.36,12.85,133.09,3.79,19.07
P0041,sports,2018-03,34.8,3709.78,18.07,106.6,4.29,21,20,8,0,3,2018,107.69,87.53,3.76,6.08,131.6,3.76,19.53,98.58,3.3,9.04
P0042,sports,2017-01,30.75,1598.41,9.18,51.98,3.57,23,20,8,0,1,2017,51.98,48.03,4.87,7.9,50.52,2.83,9.59,48.83,4.55,7.54
P0042,sports,2017-02,34.45,1806.01,9.56,52.43,3.57,35,18,8,0,2,2017,51.98,38.03,4.05,6.37,44.74,3.65,2.77,58.3,4.05,7.8
P0042,sports,2017-03,26.38,1411.96,10.3,53.53,3.57,23,20,8,0,3,2017,52.43,37.63,4.11,5.91,38.51,3.8,5.31,45.06,3.6,2.58
P0042,sports,2017-04,32.8,1706.98,9.96,52.05,3.57,24,20,8,0,4,2017,53.53,36.02,4.05,4.95,46.07,4.72,7.32,38.24,4.36,4.05
P0042,sports,2017-05,34.96,1848.15,10.21,52.86,3.57,26,20,8,0,5,2017,52.05,71.72,3.33,6.51,98.35,4.34,11.05,67.8,4.04,12.88
P0042,sports,2017-06,29.23,1555.47,9.87,53.22,3.57,15,20,8,0,6,2017,52.86,85.06,3.28,17.44,57.78,2.87,2.92,81.37,3.54,15.15
P0042,sports,2017-07,21.81,1118.02,9.0,51.25,3.57,14,20,8,0,7,2017,53.22,57.68,4.42,6.21,55.67,4.26,5.61,59.93,3.91,8.72
P0042,sports,2017-08,25.13,1358.78,9.28,54.06,3.57,22,20,8,0,8,2017,51.25,78.7,4.32,3.99,51.1,3.42,6.4,56.12,4.12,4.4
P0042,sports,2017-09,21.15,1178.03,10.38,55.71,3.57,16,20,8,0,9,2017,54.06,83.3,3.53,6.34,111.36,4.13,16.14,74.3,4.16,7.08
P0042,sports,2017-10,23.23,1254.04,9.23,53.98,3.57,19,20,8,0,10,2017,55.71,33.26,3.9,2.76,34.25,4.14,5.85,37.4,4.02,4.61
P0042,sports,2017-11,25.94,1373.82,9.95,52.96,3.57,27,20,8,1,11,2017,53.98,132.92,3.63,14.58,38.03,4.35,4.28,51.03,4.31,7.96
P0042,sports,2017-12,25.49,1383.22,10.35,54.26,3.57,15,20,8,1,12,2017,52.96,40.89,4.33,4.26,86.09,4.87,14.24,58.1,3.5,3.98
P0042,sports,2018-01,27.53,1468.5,9.47,53.33,3.57,22,20,8,0,1,2018,54.26,30.8,4.3,3.21,34.26,2.41,6.5,52.67,3.82,10.03
P0042,sports,2018-02,39.02,1966.35,8.65,50.4,3.57,37,18,8,0,2,2018,53.33,110.48,3.49,7.46,153.99,4.08,26.56,99.2,3.35,12.88
P0042,sports,2018-03,34.42,1807.85,9.92,52.53,3.57,21,20,8,0,3,2018,50.4,87.37,3.79,6.6,135.76,4.09,8.16,138.63,3.71,18.16
P0043,sports,2017-01,23.78,695.03,2.74,29.23,4.34,14,20,8,0,1,2017,29.23,47.34,5.02,7.36,54.83,3.49,6.83,41.77,3.98,7.96
P0043,sports,2017-02,28.95,894.58,2.98,30.9,4.34,30,18,8,0,2,2017,29.23,43.31,4.72,8.6,69.58,4.25,5.43,36.85,3.71,4.64
P0043,sports,2017-03,43.55,1348.46,2.89,30.96,4.34,32,20,8,0,3,2017,30.9,62.05,4.1,8.77,72.39,4.4,5.29,36.16,3.81,4.96
P0043,sports,2017-04,31.82,982.19,3.12,30.87,4.34,17,20,8,0,4,2017,30.96,39.02,4.32,4.16,43.17,4.55,2.52,63.02,3.39,11.23
P0043,sports,2017-05,30.19,1000.61,3.18,33.14,4.34,16,20,8,0,5,2017,30.87,71.87,4.11,12.27,98.33,4.47,10.79,57.37,2.9,3.07
P0043,sports,2017-06,31.25,1012.41,3.31,32.4,4.34,22,20,8,0,6,2017,33.14,55.43,2.81,2.86,83.46,3.24,15.84,105.47,3.69,7.72
P0043,sports,2017-07,22.34,694.61,3.19,31.09,4.34,31,20,8,0,7,2017,32.4,55.8,5.02,10.75,60.79,4.22,5.63,80.45,3.97,5.1
P0043,sports,2017-08,15.05,466.58,2.85,31.01,4.34,14,20,8,0,8,2017,31.09,114.6,4.13,15.08,62.65,3.57,11.24,71.14,3.67,4.83
P0043,sports,2017-09,21.11,670.0,2.8,31.74,4.34,12,20,8,0,9,2017,31.01,107.46,4.11,16.69,58.56,3.6,11.38,82.33,3.67,5.97
P0043,sports,2017-10,13.89,421.47,2.77,30.34,4.34,7,20,8,0,10,2017,31.74,23.41,4.13,2.41,24.93,4.01,1.56,33.61,4.26,5.49
P0043,sports,2017-11,19.82,582.19,2.66,29.38,4.34,9,20,8,1,11,2017,30.34,77.55,4.61,11.68,62.94,3.38,4.22,38.05,4.38,3.94
P0043,sports,2017-12,20.26,602.71,2.83,29.75,4.34,11,20,8,1,12,2017,29.38,136.52,3.75,16.98,39.35,4.47,4.38,105.43,3.35,20.04
P0043,sports,2018-01,25.67,689.64,2.38,26.86,4.34,13,20,8,0,1,2018,29.75,106.32,4.34,16.29,70.82,3.81,4.6,36.47,2.42,6.77
P0043,sports,2018-02,30.51,801.1,2.39,26.26,4.34,23,18,8,0,2,2018,26.86,134.59,3.79,18.56,101.93,3.4,8.97,143.52,4.17,8.86
P0043,sports,2018-03,27.85,763.17,2.69,27.4,4.34,23,20,8,0,3,2018,26.26,89.21,3.73,6.62,98.94,3.41,13.48,133.19,3.69,19.41
P0044,sports,2017-01,36.39,2584.0,4.11,71.01,3.76,25,20,8,0,1,2017,71.01,52.93,4.1,11.73,79.18,4.68,5.57,48.13,4.48,7.53
P0044,sports,2017-02,44.83,3034.01,4.35,67.68,3.76,21,18,8,0,2,2017,71.01,58.81,4.05,8.56,38.16,4.05,6.88,64.99,4.43,5.75
P0044,sports,2017-03,40.41,2931.14,4.47,72.54,3.76,21,20,8,0,3,2017,67.68,58.25,4.04,8.8,66.43,4.27,5.2,40.87,4.54,4.52
P0044,sports,2017-04,54.59,3790.74,4.32,69.45,3.76,41,20,8,0,4,2017,72.54,39.1,4.36,4.1,41.95,4.03,4.07,36.05,4.08,5.24
P0044,sports,2017-05,35.44,2435.68,3.99,68.74,3.76,13,20,8,0,5,2017,69.45,73.67,3.27,6.82,103.9,4.51,10.32,108.66,3.64,7.78
P0044,sports,2017-06,37.94,2597.48,4.75,68.46,3.76,22,20,8,0,6,2017,68.74,122.88,4.51,14.45,70.78,3.36,5.88,58.5,2.87,2.84
P0044,sports,2017-07,43.11,2983.81,4.17,69.21,3.76,36,20,8,0,7,2017,68.46,81.49,4.29,16.22,59.73,3.89,8.78,58.26,3.74,7.64
P0044,sports,2017-08,29.15,2007.72,4.14,68.87,3.76,27,20,8,0,8,2017,69.21,103.76,4.63,17.31,54.0,4.3,4.53,66.4,3.67,4.79
P0044,sports,2017-09,33.29,2304.05,4.23,69.21,3.76,14,20,8,0,9,2017,68.87,109.74,4.19,16.13,59.66,3.58,11.27,70.32,4.3,7.69
P0044,sports,2017-10,28.03,1956.66,4.31,69.8,3.76,21,20,8,0,10,2017,69.21,38.54,4.05,4.46,34.14,4.05,1.86,24.01,4.25,2.46
P0044,sports,2017-11,35.64,2493.86,4.03,69.98,3.76,23,20,8,1,11,2017,69.8,78.52,4.77,14.15,127.1,3.67,14.38,126.09,3.56,15.55
P0044,sports,2017-12,42.59,3003.77,4.13,70.53,3.76,29,20,8,1,12,2017,69.98,133.51,3.7,17.01,49.31,4.22,9.14,138.56,3.58,15.14
P0044,sports,2018-01,50.58,3319.82,4.19,65.63,3.76,33,20,8,0,1,2018,70.53,32.06,4.42,3.28,55.04,3.73,9.83,34.44,2.43,6.86
P0044,sports,2018-02,32.34,2186.09,4.29,67.59,3.76,30,18,8,0,2,2018,65.63,103.84,3.58,7.8,94.64,3.29,9.23,95.27,3.38,12.35
P0044,sports,2018-03,44.52,2904.96,4.35,65.25,3.76,53,20,8,0,3,2018,67.59,135.04,3.78,18.57,94.78,3.26,13.31,98.16,3.51,6.53
P0045,sports,2017-01,111.04,3571.2,6.07,32.16,4.8,61,20,8,0,1,2017,32.16,58.51,4.16,6.44,50.91,3.41,6.35,52.56,4.1,11.79
P0045,sports,2017-02,95.08,3225.39,6.21,33.92,4.8,59,18,8,0,2,2017,32.16,43.12,3.72,2.87,37.83,3.97,6.76,53.8,3.47,3.13
P0045,sports,2017-03,111.46,3640.83,6.26,32.67,4.8,67,20,8,0,3,2017,33.92,37.44,3.74,5.26,42.49,4.69,8.57,55.16,3.53,3.48
P0045,sports,2017-04,156.24,5173.12,6.19,33.11,4.8,117,20,8,0,4,2017,32.67,58.12,3.67,12.18,44.41,4.22,3.88,40.81,4.44,2.37
P0045,sports,2017-05,110.82,3602.41,6.11,32.51,4.8,72,20,8,0,5,2017,33.11,82.35,3.66,15.05,114.17,3.63,7.35,69.83,3.98,12.94
P0045,sports,2017-06,90.48,2903.35,5.87,32.09,4.8,71,20,8,0,6,2017,32.51,116.34,4.32,14.69,91.06,3.41,10.53,84.59,3.6,15.13
P0045,sports,2017-07,94.98,3128.21,5.98,32.93,4.8,66,20,8,0,7,2017,32.09,62.03,3.68,7.36,72.37,3.5,4.92,74.7,4.18,5.19
P0045,sports,2017-08,63.5,2036.76,6.38,32.07,4.8,56,20,8,0,8,2017,32.93,102.34,4.62,16.95,71.6,3.53,4.95,64.01,3.58,10.7
P0045,sports,2017-09,69.73,2287.44,6.25,32.81,4.8,70,20,8,0,9,2017,32.07,74.03,4.2,7.67,76.73,3.65,6.16,54.83,3.41,7.29
P0045,sports,2017-10,53.5,1788.73,6.45,33.44,4.8,50,20,8,0,10,2017,32.81,31.73,4.24,5.72,46.49,4.35,9.19,31.67,3.81,2.86
P0045,sports,2017-11,80.38,2795.66,6.76,34.78,4.8,66,20,8,1,11,2017,33.44,53.35,4.1,8.22,37.28,4.45,4.22,116.19,3.59,15.49
P0045,sports,2017-12,76.29,2622.52,6.21,34.38,4.8,65,20,8,1,12,2017,34.78,78.03,4.78,12.25,55.69,3.37,3.82,39.5,4.33,4.24
P0045,sports,2018-01,99.13,3515.08,7.43,35.46,4.8,71,20,8,0,1,2018,34.38,70.44,3.79,4.59,33.79,4.43,3.36,102.9,4.38,16.43
P0045,sports,2018-02,71.69,2657.85,7.08,37.08,4.8,50,18,8,0,2,2018,35.46,152.36,4.13,26.3,102.83,3.84,7.67,98.37,3.33,8.62
P0045,sports,2018-03,97.61,3739.42,8.22,38.31,4.8,56,20,8,0,3,2018,37.08,96.54,3.36,8.41,98.65,3.42,6.57,146.22,4.01,8.36
P0046,sports,2017-01,20.02,641.22,5.2,32.03,2.45,20,20,8,0,1,2017,32.03,48.92,4.56,7.24,52.19,2.73,10.02,46.62,5.04,7.83
P0046,sports,2017-02,23.3,754.31,6.1,32.37,2.45,16,18,8,0,2,2017,32.03,44.16,3.61,2.78,56.37,3.41,3.13,68.74,4.34,5.9
P0046,sports,2017-03,16.55,578.07,5.84,34.93,2.45,13,20,8,0,3,2017,32.37,54.07,3.52,3.2,36.63,3.83,5.36,69.27,4.32,5.52
P0046,sports,2017-04,25.18,919.56,6.25,36.52,2.45,18,20,8,0,4,2017,34.93,24.04,3.45,1.67,44.29,4.64,2.38,62.15,3.78,12.13
P0046,sports,2017-05,22.42,785.77,5.76,35.04,2.45,15,20,8,0,5,2017,36.52,88.87,3.2,17.14,74.92,3.34,6.59,105.47,3.69,7.85
P0046,sports,2017-06,21.08,745.69,6.58,35.38,2.45,21,20,8,0,6,2017,35.04,54.37,2.93,2.89,71.01,3.29,5.8,106.6,3.68,7.86
P0046,sports,2017-07,17.88,632.27,5.63,35.36,2.45,7,20,8,0,7,2017,35.38,88.16,4.36,15.52,59.48,4.07,9.2,59.56,4.35,6.46
P0046,sports,2017-08,21.01,732.25,6.15,34.85,2.45,12,20,8,0,8,2017,35.36,72.73,4.18,8.1,103.13,4.54,17.58,75.76,4.28,4.33
P0046,sports,2017-09,20.63,711.53,6.39,34.49,2.45,11,20,8,0,9,2017,34.85,59.3,3.54,12.01,75.78,3.57,5.88,82.15,4.38,3.93
P0046,sports,2017-10,14.97,516.47,5.38,34.5,2.45,11,20,8,0,10,2017,34.49,34.07,3.99,2.01,45.92,4.21,9.33,25.97,4.16,1.53
P0046,sports,2017-11,17.97,627.8,6.31,34.93,2.45,16,20,8,1,11,2017,34.5,61.5,3.42,3.99,78.94,4.75,11.3,134.7,3.68,14.77
P0046,sports,2017-12,24.19,837.31,5.85,34.62,2.45,15,20,8,1,12,2017,34.93,88.41,4.9,14.75,80.52,4.59,12.85,104.73,3.34,21.1
P0046,sports,2018-01,20.52,707.37,5.46,34.47,2.45,25,20,8,0,1,2018,34.62,66.68,3.74,4.64,52.21,3.8,9.91,54.47,3.57,10.25
P0046,sports,2018-02,26.13,923.45,6.41,35.34,2.45,23,18,8,0,2,2018,34.47,131.76,3.17,23.02,139.42,4.18,8.78,100.96,3.42,12.34
P0046,sports,2018-03,26.74,937.44,5.47,35.06,2.45,14,20,8,0,3,2018,35.34,141.28,4.04,7.93,152.97,3.95,27.33,92.34,3.71,6.25
P0047,sports,2017-01,74.21,3638.62,9.18,49.03,3.76,53,20,8,0,1,2017,49.03,53.6,3.44,6.37,56.01,4.05,11.42,46.09,4.96,7.59
P0047,sports,2017-02,66.74,3360.07,8.87,50.34,3.76,45,18,8,0,2,2017,49.03,40.95,4.1,6.9,61.3,4.15,7.97,52.49,3.51,3.35
P0047,sports,2017-03,77.36,4053.12,9.77,52.39,3.76,42,20,8,0,3,2017,50.34,68.47,4.26,5.65,56.21,3.38,3.17,36.71,3.72,5.02
P0047,sports,2017-04,90.49,4845.11,9.23,53.54,3.76,88,20,8,0,4,2017,52.39,58.53,3.65,11.44,67.74,3.41,11.4,39.01,4.39,4.13
P0047,sports,2017-05,70.35,3749.54,9.48,53.29,3.76,57,20,8,0,5,2017,53.54,86.07,3.22,16.58,82.72,3.44,9.32,70.94,3.43,6.83
P0047,sports,2017-06,56.3,2974.91,9.82,52.84,3.76,49,20,8,0,6,2017,53.29,113.58,3.59,7.54,64.27,4.17,11.51,83.88,3.33,17.14
P0047,sports,2017-07,48.26,2430.99,8.09,50.38,3.76,56,20,8,0,7,2017,52.84,61.11,4.34,6.56,56.9,4.93,10.33,55.19,3.97,8.94
P0047,sports,2017-08,54.78,2765.32,8.98,50.48,3.76,40,20,8,0,8,2017,50.38,54.47,3.41,6.56,104.2,4.64,17.05,77.88,4.17,4.16
P0047,sports,2017-09,62.0,3015.89,9.0,48.64,3.76,40,20,8,0,9,2017,50.48,78.68,4.25,3.66,59.54,3.56,11.73,98.86,4.62,16.64
P0047,sports,2017-10,54.6,2571.88,8.5,47.1,3.76,33,20,8,0,10,2017,48.64,24.24,4.13,1.63,46.63,4.16,9.15,23.46,4.2,2.49
P0047,sports,2017-11,50.3,2425.17,8.85,48.21,3.76,38,20,8,1,11,2017,47.1,74.57,4.66,14.01,50.41,4.31,8.31,109.05,3.42,19.84
P0047,sports,2017-12,87.02,4183.27,8.97,48.07,3.76,49,20,8,1,12,2017,48.21,106.9,3.39,21.08,52.52,4.14,9.05,54.82,3.33,3.75
P0047,sports,2018-01,93.76,4573.73,7.76,48.78,3.76,66,20,8,0,1,2018,48.07,65.8,3.72,4.82,49.11,3.87,6.14,33.61,4.3,3.44
P0047,sports,2018-02,70.09,3349.69,8.05,47.79,3.76,64,18,8,0,2,2018,48.78,146.62,4.1,8.71,143.32,3.96,24.74,93.33,3.35,12.68
P0047,sports,2018-03,78.02,3869.79,8.38,49.6,3.76,61,20,8,0,3,2018,47.79,133.79,4.03,7.86,89.93,3.73,6.35,96.55,3.37,8.92
P0048,sports,2017-01,137.73,6600.58,6.14,47.92,3.84,86,20,8,0,1,2017,47.92,52.95,3.9,11.99,82.21,4.69,5.8,57.44,4.05,6.41
P0048,sports,2017-02,163.11,8088.97,6.55,49.59,3.84,151,18,8,0,2,2017,47.92,56.61,3.54,3.25,45.14,4.67,8.62,61.86,4.14,7.84
P0048,sports,2017-03,220.94,11107.69,5.81,50.27,3.84,190,20,8,0,3,2017,49.59,43.79,3.72,2.52,60.4,4.0,8.73,41.99,4.6,4.38
P0048,sports,2017-04,183.28,9187.57,6.07,50.13,3.84,129,20,8,0,4,2017,50.27,39.51,4.49,4.17,35.46,4.22,5.15,44.92,4.51,2.36
P0048,sports,2017-05,228.32,11206.39,5.78,49.08,3.84,159,20,8,0,5,2017,50.13,74.43,3.26,6.59,113.88,3.68,7.33,95.62,4.48,10.48
P0048,sports,2017-06,191.55,9370.76,6.26,48.92,3.84,144,20,8,0,6,2017,49.08,115.01,3.61,7.9,77.02,3.25,6.08,96.54,3.39,10.3
P0048,sports,2017-07,165.91,8283.39,5.61,49.93,3.84,126,20,8,0,7,2017,48.92,78.42,4.02,5.13,58.61,4.02,9.12,59.32,3.63,7.28
P0048,sports,2017-08,126.42,6395.92,5.61,50.59,3.84,146,20,8,0,8,2017,49.93,52.45,3.31,6.26,103.38,4.67,16.31,111.4,3.99,15.62
P0048,sports,2017-09,136.14,6596.13,5.96,48.45,3.84,75,20,8,0,9,2017,50.59,58.92,3.69,11.33,51.73,3.31,7.04,99.52,4.62,16.4
P0048,sports,2017-10,143.72,7158.54,6.64,49.81,3.84,105,20,8,0,10,2017,48.45,25.29,4.11,1.65,35.12,3.88,1.96,45.73,4.32,9.53
P0048,sports,2017-11,194.04,9544.61,5.89,49.19,3.84,115,20,8,1,11,2017,49.81,58.97,3.46,4.16,80.27,4.81,11.62,111.27,3.34,18.35
P0048,sports,2017-12,179.71,9009.94,6.21,50.14,3.84,138,20,8,1,12,2017,49.19,77.5,4.67,12.17,143.68,3.58,16.63,39.78,4.4,4.34
P0048,sports,2018-01,171.6,8369.75,5.95,48.77,3.84,130,20,8,0,1,2018,50.14,51.29,3.76,9.73,36.52,2.48,6.73,53.82,3.56,9.91
P0048,sports,2018-02,268.99,13322.76,6.32,49.53,3.84,182,18,8,0,2,2018,48.77,99.87,3.36,12.84,102.76,3.43,7.63,139.29,3.29,21.99
P0048,sports,2018-03,186.94,8995.06,5.94,48.12,3.84,131,20,8,0,3,2018,49.53,90.13,3.32,13.33,90.7,3.86,6.05,104.59,3.45,6.54
P0049,furniture,2017-01,58.81,3815.73,6.02,64.88,4.43,28,20,8,0,1,2017,64.88,50.26,2.81,9.73,52.17,4.49,8.1,41.18,4.06,7.3
P0049,furniture,2017-02,57.97,3725.46,6.84,64.27,4.43,45,18,8,0,2,2017,64.88,38.6,3.72,4.78,44.41,3.71,2.63,40.71,3.89,6.63
P0049,furniture,2017-03,92.35,5888.73,6.21,63.77,4.43,60,20,8,0,3,2017,64.27,38.89,4.35,3.93,43.16,4.62,7.63,40.44,3.72,2.7
P0049,furniture,2017-04,97.01,6091.9,5.67,62.8,4.43,71,20,8,0,4,2017,63.77,42.7,4.55,2.45,43.05,4.0,4.6,46.01,4.75,6.74
P0049,furniture,2017-05,93.08,5842.89,5.62,62.78,4.43,54,20,8,0,5,2017,62.8,83.67,3.48,9.75,71.87,3.42,5.92,58.56,2.85,3.02
P0049,furniture,2017-06,93.96,5607.63,6.28,59.68,4.43,52,20,8,0,6,2017,62.78,65.74,3.99,12.78,115.02,3.53,7.1,115.02,4.35,14.3
P0049,furniture,2017-07,70.01,4349.01,5.6,62.12,4.43,61,20,8,0,7,2017,59.68,73.03,4.03,4.39,82.84,4.51,15.12,62.07,4.32,5.32
P0049,furniture,2017-08,79.8,5135.96,6.47,64.36,4.43,76,20,8,0,8,2017,62.12,53.24,3.33,6.24,76.09,4.19,4.09,66.64,4.2,7.33
P0049,furniture,2017-09,57.43,3649.27,5.98,63.54,4.43,44,20,8,0,9,2017,64.36,69.4,4.26,8.05,80.0,3.68,6.44,59.47,3.69,9.88
P0049,furniture,2017-10,68.48,4179.76,5.55,61.03,4.43,49,20,8,0,10,2017,63.54,25.92,3.99,1.69,44.66,4.32,8.93,25.69,4.06,2.58
P0049,furniture,2017-11,69.31,4180.35,5.9,60.32,4.43,60,20,8,1,11,2017,61.03,129.76,3.62,15.68,60.42,3.33,3.81,118.04,3.65,12.99
P0049,furniture,2017-12,79.17,4972.03,6.48,62.8,4.43,76,20,8,1,12,2017,60.32,55.52,3.33,3.65,138.72,3.69,14.13,41.71,4.25,4.37
P0049,furniture,2018-01,66.48,4273.84,6.92,64.29,4.43,43,20,8,0,1,2018,62.8,35.24,2.45,5.77,48.23,3.84,5.6,51.17,3.66,7.79
P0049,furniture,2018-02,88.84,5663.98,6.79,63.76,4.43,75,18,8,0,2,2018,64.29,97.51,3.46,9.36,138.57,3.71,20.81,147.63,4.0,8.36
P0049,furniture,2018-03,75.54,4957.8,5.96,65.63,4.43,66,20,8,0,3,2018,63.76,102.34,3.38,7.55,131.12,3.7,19.41,93.38,3.32,11.61
P0050,furniture,2017-01,201.49,12964.4,8.86,64.34,3.65,119,20,8,0,1,2017,64.34,46.46,4.94,8.3,77.8,4.66,6.16,41.86,4.04,7.56
P0050,furniture,2017-02,186.64,11839.26,7.79,63.43,3.65,186,18,8,0,2,2017,64.34,62.2,4.07,8.46,37.91,3.88,5.1,38.69,3.91,7.05
P0050,furniture,2017-03,155.71,10093.94,7.79,64.83,3.65,130,20,8,0,3,2017,63.43,39.57,4.36,3.9,54.72,3.47,3.5,69.79,4.34,5.1
P0050,furniture,2017-04,200.78,13025.2,8.41,64.87,3.65,154,20,8,0,4,2017,64.83,59.68,3.72,10.56,23.08,3.34,1.94,45.75,4.84,6.55
P0050,furniture,2017-05,177.39,11340.53,8.12,63.93,3.65,157,20,8,0,5,2017,64.87,74.9,3.38,6.19,72.59,4.09,14.08,57.47,2.88,3.07
P0050,furniture,2017-06,239.07,14176.71,7.52,59.3,3.65,231,20,8,0,6,2017,63.93,72.56,3.34,6.13,94.03,3.43,11.01,119.05,4.54,13.56
P0050,furniture,2017-07,150.94,9313.39,8.86,61.7,3.65,110,20,8,0,7,2017,59.3,74.53,3.97,4.51,59.3,5.12,11.61,62.03,4.39,5.52
P0050,furniture,2017-08,143.7,9060.89,7.91,63.06,3.65,107,20,8,0,8,2017,61.7,71.15,4.28,7.59,66.27,3.71,4.47,52.59,3.35,6.5
P0050,furniture,2017-09,182.89,10989.49,7.26,60.09,3.65,140,20,8,0,9,2017,63.06,114.7,4.12,16.04,70.6,4.12,8.01,74.44,3.61,6.19
P0050,furniture,2017-10,114.03,7096.61,8.86,62.23,3.65,83,20,8,0,10,2017,60.09,37.25,3.91,1.7,32.04,3.98,2.59,37.94,3.9,4.59
P0050,furniture,2017-11,159.53,10023.51,8.31,62.83,3.65,104,20,8,1,11,2017,62.23,35.55,4.22,4.29,61.28,3.33,3.92,76.58,4.72,14.21
P0050,furniture,2017-12,178.02,11379.73,8.15,63.93,3.65,119,20,8,1,12,2017,62.83,52.51,4.25,8.7,83.79,4.63,11.82,84.23,4.84,16.04
P0050,furniture,2018-01,173.09,11455.7,8.16,66.18,3.65,142,20,8,0,1,2018,63.93,33.31,4.72,5.82,72.55,3.68,4.28,47.93,3.76,7.69
P0050,furniture,2018-02,195.54,12659.96,9.3,64.74,3.65,184,18,8,0,2,2018,66.18,148.24,4.06,22.7,150.37,4.01,8.36,129.06,3.69,19.61
P0050,furniture,2018-03,187.05,12423.38,8.13,66.42,3.65,127,20,8,0,3,2018,64.74,138.42,3.66,19.85,90.49,3.69,6.95,144.08,4.04,24.82
P0051,furniture,2017-01,40.31,3160.0,14.38,78.39,4.38,28,20,8,0,1,2017,78.39,52.81,4.0,10.29,48.04,2.83,10.28,48.04,5.04,7.75
P0051,furniture,2017-02,40.39,3227.46,13.84,79.91,4.38,43,18,8,0,2,2017,78.39,59.87,4.1,8.99,38.87,3.85,4.71,44.5,3.79,2.69
P0051,furniture,2017-03,36.54,3040.43,15.55,83.21,4.38,34,20,8,0,3,2017,79.91,41.19,3.68,2.65,67.18,4.37,5.02,59.8,4.16,7.94
P0051,furniture,2017-04,36.95,3095.4,16.14,83.77,4.38,37,20,8,0,4,2017,83.21,46.71,4.83,6.89,34.45,4.06,5.53,63.42,3.41,10.72
P0051,furniture,2017-05,41.65,3391.92,13.72,81.43,4.38,32,20,8,0,5,2017,83.77,58.37,2.94,3.2,87.74,3.4,10.49,76.99,3.72,15.32
P0051,furniture,2017-06,36.01,3056.59,16.24,84.88,4.38,22,20,8,0,6,2017,81.43,106.66,3.52,7.53,85.63,3.21,15.25,87.49,3.43,10.95
P0051,furniture,2017-07,33.16,2689.56,15.24,81.12,4.38,30,20,8,0,7,2017,84.88,62.04,3.68,9.2,62.6,4.52,5.86,76.98,3.36,5.7
P0051,furniture,2017-08,36.57,2903.79,12.75,79.41,4.38,18,20,8,0,8,2017,81.12,57.29,4.27,4.52,52.22,3.33,6.61,64.62,3.68,4.5
P0051,furniture,2017-09,31.91,2450.37,13.04,76.8,4.38,14,20,8,0,9,2017,79.41,115.75,4.02,15.28,93.72,4.53,16.94,76.93,3.66,6.43
P0051,furniture,2017-10,22.43,1717.24,12.8,76.56,4.38,20,20,8,0,10,2017,76.8,25.27,4.08,2.68,37.17,3.94,1.71,34.13,4.15,5.33
P0051,furniture,2017-11,35.09,2775.11,14.67,79.09,4.38,25,20,8,1,11,2017,76.56,135.87,3.73,15.92,116.62,3.57,12.5,60.69,3.46,3.8
P0051,furniture,2017-12,27.69,2263.55,14.81,81.74,4.38,18,20,8,1,12,2017,79.09,141.13,3.61,14.71,79.77,4.84,16.81,109.62,3.44,18.27
P0051,furniture,2018-01,46.57,3822.17,15.74,82.07,4.38,27,20,8,0,1,2018,81.74,33.58,4.85,5.77,102.54,4.25,16.38,33.81,2.42,5.91
P0051,furniture,2018-02,36.12,2885.1,13.36,79.88,4.38,39,18,8,0,2,2018,82.07,146.86,3.9,24.44,144.38,4.12,9.06,136.03,3.73,20.6
P0051,furniture,2018-03,46.45,3629.97,13.62,78.14,4.38,33,20,8,0,3,2018,79.88,98.5,3.4,10.51,87.2,3.65,7.33,123.48,3.32,24.71
P0052,furniture,2017-01,34.03,1861.66,9.99,54.71,5.0,28,20,8,0,1,2017,54.71,45.51,4.82,7.95,46.4,2.87,10.4,77.78,4.52,5.94
P0052,furniture,2017-02,32.63,1841.88,10.77,56.45,5.0,25,18,8,0,2,2017,54.71,45.39,3.63,2.59,65.66,4.44,5.79,46.51,4.74,7.94
P0052,furniture,2017-03,31.24,1712.8,10.54,54.82,5.0,25,20,8,0,3,2017,56.45,39.8,4.0,6.74,64.69,4.3,5.1,39.17,4.49,3.8
P0052,furniture,2017-04,35.28,1989.64,10.34,56.4,5.0,32,20,8,0,4,2017,54.82,47.87,4.82,7.01,36.41,4.41,3.99,23.24,3.43,2.1
P0052,furniture,2017-05,30.73,1728.36,9.59,56.25,5.0,28,20,8,0,5,2017,56.4,104.96,4.54,12.17,103.78,3.56,8.66,56.2,2.88,3.05
P0052,furniture,2017-06,23.6,1332.56,10.63,56.45,5.0,13,20,8,0,6,2017,56.25,112.96,4.37,13.42,107.71,3.67,6.91,82.7,3.72,16.45
P0052,furniture,2017-07,21.62,1272.47,11.41,58.87,5.0,20,20,8,0,7,2017,56.45,74.55,4.05,4.49,78.65,3.4,5.27,82.8,4.4,15.08
P0052,furniture,2017-08,22.47,1294.44,10.91,57.6,5.0,21,20,8,0,8,2017,58.87,58.43,4.19,4.46,68.94,3.69,4.92,121.64,4.15,17.57
P0052,furniture,2017-09,14.32,860.75,9.89,60.1,5.0,11,20,8,0,9,2017,57.6,75.96,3.62,6.05,58.91,3.7,10.57,73.28,4.1,7.7
P0052,furniture,2017-10,16.62,948.61,9.22,57.08,5.0,9,20,8,0,10,2017,60.1,24.79,4.1,1.73,37.11,4.06,4.22,24.89,4.12,2.49
P0052,furniture,2017-11,27.5,1526.31,9.31,55.5,5.0,17,20,8,1,11,2017,57.08,112.35,3.42,19.09,50.7,4.13,9.15,76.33,4.84,14.88
P0052,furniture,2017-12,28.05,1483.86,8.76,52.89,5.0,20,20,8,1,12,2017,55.5,134.94,3.73,17.22,40.61,4.4,4.15,138.57,3.7,14.56
P0052,furniture,2018-01,27.69,1441.74,9.61,52.07,5.0,17,20,8,0,1,2018,52.89,32.24,4.21,3.19,48.85,3.71,8.33,31.32,4.83,6.04
P0052,furniture,2018-02,26.95,1443.97,9.93,53.59,5.0,10,18,8,0,2,2018,52.07,138.85,3.62,20.62,148.04,3.98,8.88,133.09,3.3,25.28
P0052,furniture,2018-03,19.57,1079.34,10.24,55.14,5.0,12,20,8,0,3,2018,53.59,102.15,3.44,10.66,138.61,4.03,7.93,92.74,3.29,11.53
P0053,furniture,2017-01,25.62,1475.25,8.87,57.58,3.99,14,20,8,0,1,2017,57.58,78.56,4.73,6.31,56.53,4.23,6.02,57.38,3.44,7.99
P0053,furniture,2017-02,22.31,1292.83,9.07,57.96,3.99,14,18,8,0,2,2017,57.58,38.21,3.73,5.17,52.24,3.47,3.69,42.21,4.56,4.29
P0053,furniture,2017-03,27.45,1532.11,8.75,55.81,3.99,23,20,8,0,3,2017,57.96,42.88,3.6,2.82,41.9,4.76,7.56,64.78,4.25,5.04
P0053,furniture,2017-04,32.06,1722.59,8.64,53.73,3.99,26,20,8,0,4,2017,55.81,23.86,3.35,2.1,57.06,3.82,10.74,43.69,4.05,4.47
P0053,furniture,2017-05,31.8,1740.82,9.46,54.75,3.99,26,20,8,0,5,2017,53.73,74.9,3.24,5.78,84.23,3.43,9.94,104.74,4.54,12.36
P0053,furniture,2017-06,25.94,1488.91,8.96,57.4,3.99,28,20,8,0,6,2017,54.75,74.83,3.27,5.99,64.59,4.01,13.02,111.43,3.59,6.95
P0053,furniture,2017-07,19.76,1120.65,9.17,56.72,3.99,12,20,8,0,7,2017,57.4,72.01,3.96,4.52,59.68,3.76,8.57,59.91,4.21,4.94
P0053,furniture,2017-08,23.13,1263.16,9.39,54.6,3.99,23,20,8,0,8,2017,56.72,54.19,3.41,6.51,120.06,4.1,17.99,66.69,3.7,4.63
P0053,furniture,2017-09,23.4,1224.86,8.33,52.34,3.99,9,20,8,0,9,2017,54.6,78.58,4.34,3.87,58.6,3.49,10.47,79.54,3.69,6.37
P0053,furniture,2017-10,18.38,953.88,8.6,51.89,3.99,11,20,8,0,10,2017,52.34,43.17,4.3,9.0,37.53,4.02,4.18,32.79,3.87,2.67
P0053,furniture,2017-11,24.44,1352.93,8.18,55.36,3.99,21,20,8,1,11,2017,51.89,124.01,3.67,15.93,49.92,4.12,9.28,58.09,3.42,3.77
P0053,furniture,2017-12,23.89,1320.05,8.93,55.26,3.99,14,20,8,1,12,2017,55.36,53.51,3.48,3.73,53.25,4.16,8.19,78.68,4.6,11.72
P0053,furniture,2018-01,26.15,1405.66,9.04,53.75,3.99,8,20,8,0,1,2018,55.26,66.35,3.68,4.2,30.16,4.28,3.17,107.06,4.16,16.68
P0053,furniture,2018-02,37.54,1997.41,8.63,53.21,3.99,32,18,8,0,2,2018,53.75,96.36,3.4,9.06,141.32,3.36,23.95,147.68,4.03,22.84
P0053,furniture,2018-03,28.19,1492.96,9.45,52.95,3.99,19,20,8,0,3,2018,53.21,138.46,3.62,18.09,101.09,3.29,10.6,100.42,3.57,7.65
P0054,furniture,2017-01,87.78,5125.28,5.34,58.39,4.23,64,20,8,0,1,2017,58.39,56.59,3.51,7.89,50.04,2.86,10.39,48.92,4.63,8.25
P0054,furniture,2017-02,105.45,6029.08,5.29,57.17,4.23,81,18,8,0,2,2017,58.39,39.52,4.02,7.25,61.41,4.08,8.82,44.14,4.87,7.69
P0054,furniture,2017-03,123.31,6873.59,5.41,55.74,4.23,91,20,8,0,3,2017,57.17,60.93,4.05,7.95,39.05,3.79,4.67,54.09,3.41,3.45
P0054,furniture,2017-04,132.43,7382.16,5.07,55.74,4.23,84,20,8,0,4,2017,55.74,48.71,4.61,6.64,37.15,4.39,4.16,24.16,3.31,2.1
P0054,furniture,2017-05,168.44,9581.86,5.44,56.88,4.23,94,20,8,0,5,2017,55.74,77.03,3.52,15.82,82.09,3.51,9.62,87.52,3.31,15.6
P0054,furniture,2017-06,114.6,6679.47,5.65,58.29,4.23,77,20,8,0,6,2017,56.88,89.37,3.4,11.16,114.05,3.66,7.17,85.72,3.2,16.09
P0054,furniture,2017-07,92.54,5477.56,5.08,59.19,4.23,82,20,8,0,7,2017,58.29,77.86,3.35,5.57,65.2,4.52,5.86,60.1,3.62,8.74
P0054,furniture,2017-08,72.86,4240.75,5.37,58.21,4.23,44,20,8,0,8,2017,59.19,58.13,4.15,4.4,75.01,4.37,3.97,64.82,3.54,4.85
P0054,furniture,2017-09,78.42,4330.43,4.76,55.22,4.23,50,20,8,0,9,2017,58.21,60.03,4.13,4.53,78.65,3.6,5.96,117.12,4.09,16.48
P0054,furniture,2017-10,82.73,4487.0,5.18,54.24,4.23,67,20,8,0,10,2017,55.22,35.03,4.04,1.71,32.85,4.1,5.22,24.55,4.16,1.68
P0054,furniture,2017-11,102.82,5684.65,5.19,55.28,4.23,97,20,8,1,11,2017,54.24,50.47,4.33,9.78,123.33,3.59,13.09,78.34,4.83,12.57
P0054,furniture,2017-12,102.89,5490.85,4.77,53.36,4.23,71,20,8,1,12,2017,55.28,57.03,3.33,3.66,49.77,4.22,8.2,76.84,4.77,16.85
P0054,furniture,2018-01,78.05,4253.01,5.27,54.49,4.23,61,20,8,0,1,2018,53.36,53.13,3.58,9.14,103.13,4.26,15.7,34.09,4.87,5.82
P0054,furniture,2018-02,126.9,6850.06,5.27,53.98,4.23,92,18,8,0,2,2018,54.49,99.58,3.74,8.72,140.92,3.24,26.13,128.33,3.77,19.52
P0054,furniture,2018-03,145.6,7798.29,4.59,53.56,4.23,116,20,8,0,3,2018,53.98,86.87,3.67,7.23,97.32,3.58,7.51,95.87,3.27,11.53
P0055,furniture,2017-01,6.89,517.46,4.71,75.14,4.06,2,20,8,0,1,2017,75.14,53.23,4.03,10.98,76.25,4.59,5.96,56.68,4.13,5.88
P0055,furniture,2017-02,6.6,496.92,4.61,75.25,4.06,6,18,8,0,2,2017,75.14,41.63,4.39,4.42,36.98,3.69,4.94,64.79,4.46,5.78
P0055,furniture,2017-03,8.11,631.38,4.73,77.86,4.06,5,20,8,0,3,2017,75.25,66.65,4.41,4.76,38.18,4.06,6.66,43.88,4.65,7.43
P0055,furniture,2017-04,8.76,657.02,4.63,75.03,4.06,3,20,8,0,4,2017,77.86,46.09,4.79,6.71,24.87,3.28,2.05,34.62,4.15,5.34
P0055,furniture,2017-05,8.45,651.86,5.07,77.15,4.06,7,20,8,0,5,2017,75.03,80.57,3.72,15.32,87.6,3.21,15.23,56.57,2.79,3.05
P0055,furniture,2017-06,5.5,431.39,4.98,78.47,4.06,5,20,8,0,6,2017,77.15,90.16,3.5,10.62,83.66,3.58,16.83,106.88,3.55,7.16
P0055,furniture,2017-07,7.1,504.26,4.52,71.07,4.06,4,20,8,0,7,2017,78.47,60.76,4.51,5.52,63.78,3.57,9.19,77.53,4.37,15.59
P0055,furniture,2017-08,6.54,465.05,4.64,71.12,4.06,1,20,8,0,8,2017,71.07,74.85,4.22,4.1,98.56,4.54,16.55,64.4,3.57,11.32
P0055,furniture,2017-09,5.18,386.9,5.01,74.72,4.06,2,20,8,0,9,2017,71.12,70.22,4.26,8.17,81.53,4.27,4.0,55.3,3.55,10.04
P0055,furniture,2017-10,6.06,461.4,4.29,76.11,4.06,5,20,8,0,10,2017,74.72,35.66,4.01,4.52,31.18,4.08,3.05,46.4,4.15,9.27
P0055,furniture,2017-11,6.12,456.74,4.63,74.64,4.06,2,20,8,1,11,2017,76.11,111.9,3.43,18.39,50.18,4.25,9.55,36.79,4.44,4.04
P0055,furniture,2017-12,8.09,597.71,4.72,73.84,4.06,12,20,8,1,12,2017,74.64,85.33,4.78,11.5,114.79,3.49,18.41,42.23,4.26,4.13
P0055,furniture,2018-01,7.41,524.63,4.33,70.83,4.06,5,20,8,0,1,2018,73.84,107.89,4.17,16.07,33.57,4.92,6.27,36.31,2.46,5.8
P0055,furniture,2018-02,9.95,712.21,4.12,71.56,4.06,8,18,8,0,2,2018,70.83,150.85,4.09,24.11,100.13,3.43,9.21,101.29,3.82,9.14
P0055,furniture,2018-03,11.09,752.01,3.87,67.82,4.06,11,20,8,0,3,2018,71.56,86.33,3.68,7.19,125.2,3.28,25.2,152.5,3.9,26.38
P0056,furniture,2017-01,64.46,4394.8,4.21,68.18,3.41,38,20,8,0,1,2017,68.18,78.64,4.53,5.84,54.06,3.57,7.43,49.76,4.64,7.73
P0056,furniture,2017-02,65.93,4671.89,4.52,70.86,3.41,23,18,8,0,2,2017,68.18,56.27,3.38,3.66,43.04,4.36,4.32,38.25,3.83,5.04
P0056,furniture,2017-03,95.59,6761.76,4.67,70.74,3.41,64,20,8,0,3,2017,70.86,62.12,4.04,8.52,38.25,3.85,4.65,41.65,3.75,2.85
P0056,furniture,2017-04,78.36,5478.21,4.83,69.91,3.41,54,20,8,0,4,2017,70.74,61.26,3.75,10.99,32.74,4.17,5.53,66.51,3.29,11.09
P0056,furniture,2017-05,86.69,6046.7,4.58,69.75,3.41,52,20,8,0,5,2017,69.91,83.91,3.53,10.03,82.07,3.72,16.04,73.27,3.4,5.97
P0056,furniture,2017-06,43.0,3251.83,5.16,75.62,3.41,23,20,8,0,6,2017,69.75,61.31,2.92,3.19,88.84,3.45,10.72,64.53,4.0,13.02
P0056,furniture,2017-07,65.86,5071.7,5.47,77.01,3.41,42,20,8,0,7,2017,75.62,59.31,3.63,8.49,82.13,4.36,15.47,68.16,4.14,4.43
P0056,furniture,2017-08,44.51,3310.23,5.08,74.37,3.41,28,20,8,0,8,2017,77.01,51.46,3.31,6.26,73.6,4.23,4.07,118.29,4.08,17.43
P0056,furniture,2017-09,36.81,2844.69,5.49,77.28,3.41,31,20,8,0,9,2017,74.37,115.76,3.97,16.55,80.63,4.19,3.95,56.3,4.1,4.4
P0056,furniture,2017-10,45.2,3437.74,4.73,76.05,3.41,29,20,8,0,10,2017,77.28,43.33,4.17,8.98,24.66,4.19,2.47,34.96,3.92,1.87
P0056,furniture,2017-11,46.05,3534.03,5.26,76.75,3.41,39,20,8,1,11,2017,76.05,37.28,4.33,4.43,126.56,3.77,12.44,49.92,4.14,9.42
P0056,furniture,2017-12,56.22,4191.11,4.91,74.55,3.41,41,20,8,1,12,2017,76.75,84.36,4.81,10.91,83.27,4.9,15.86,42.42,4.22,4.34
P0056,furniture,2018-01,67.28,4840.22,4.67,71.94,3.41,36,20,8,0,1,2018,74.55,29.79,4.38,3.14,49.92,3.66,7.99,53.02,3.64,8.66
P0056,furniture,2018-02,52.44,3848.21,4.97,73.39,3.41,44,18,8,0,2,2018,71.94,136.53,3.25,24.4,105.9,3.85,8.7,152.75,4.09,23.38
P0056,furniture,2018-03,59.59,4248.92,4.95,71.3,3.41,53,20,8,0,3,2018,73.39,96.23,3.39,7.32,129.79,3.65,18.27,125.35,3.25,24.92
P0057,groceries,2017-01,36.48,1305.35,5.84,35.79,4.15,20,20,8,0,1,2017,35.79,53.1,4.07,9.16,45.13,4.1,6.92,49.68,2.81,8.53
P0057,groceries,2017-02,38.48,1420.16,5.61,36.9,4.15,30,18,8,0,2,2017,35.79,42.03,4.63,8.12,61.11,4.17,8.93,67.21,4.39,5.57
P0057,groceries,2017-03,33.2,1181.61,5.69,35.59,4.15,38,20,8,0,3,2017,36.9,39.15,3.81,6.34,38.76,4.41,4.0,41.24,3.93,6.26
P0057,groceries,2017-04,51.44,1758.58,5.44,34.18,4.15,52,20,8,0,4,2017,35.59,42.79,4.47,2.52,22.97,3.34,1.69,39.01,4.49,3.99
P0057,groceries,2017-05,41.73,1466.89,4.96,35.15,4.15,30,20,8,0,5,2017,34.18,92.49,3.39,17.6,56.87,2.85,3.27,101.17,3.58,7.74
P0057,groceries,2017-06,45.82,1522.36,5.6,33.22,4.15,38,20,8,0,6,2017,35.15,111.41,3.64,7.82,119.28,4.41,13.03,72.92,3.35,6.24
P0057,groceries,2017-07,52.59,1730.71,5.21,32.91,4.15,50,20,8,0,7,2017,33.22,60.08,5.14,10.39,74.31,4.1,4.68,81.44,4.47,12.52
P0057,groceries,2017-08,32.73,1082.36,5.39,33.07,4.15,19,20,8,0,8,2017,32.91,56.13,4.27,4.09,65.24,3.69,5.44,115.08,3.96,17.24
P0057,groceries,2017-09,28.9,928.46,5.2,32.13,4.15,30,20,8,0,9,2017,33.07,72.44,4.36,3.84,56.99,3.56,11.43,77.29,3.65,5.7
P0057,groceries,2017-10,36.62,1156.42,4.65,31.57,4.15,22,20,8,0,10,2017,32.13,24.89,4.25,2.2,33.54,3.83,1.82,32.08,3.83,2.3
P0057,groceries,2017-11,31.32,1035.76,5.23,33.07,4.15,29,20,8,1,11,2017,31.57,126.47,3.6,14.86,38.24,4.45,4.84,72.71,4.76,14.52
P0057,groceries,2017-12,46.95,1592.64,4.91,33.93,4.15,33,20,8,1,12,2017,33.07,47.98,4.3,8.11,40.14,4.27,5.01,111.32,3.45,18.74
P0057,groceries,2018-01,48.16,1603.41,5.12,33.29,4.15,31,20,8,0,1,2018,33.93,51.61,3.73,8.85,66.06,3.74,4.06,49.25,3.82,5.54
P0057,groceries,2018-02,43.21,1485.51,5.11,34.38,4.15,37,18,8,0,2,2018,33.29,96.89,3.39,7.0,139.7,4.14,8.73,113.56,3.66,8.78
P0057,groceries,2018-03,44.47,1618.15,6.23,36.39,4.15,41,20,8,0,3,2018,34.38,102.09,3.41,7.35,135.71,3.18,21.52,92.99,3.86,6.68
P0058,groceries,2017-01,53.52,2285.51,8.9,42.7,4.28,26,20,8,0,1,2017,42.7,50.14,4.51,7.52,81.32,4.6,5.33,45.94,5.05,9.45
P0058,groceries,2017-02,69.25,2980.58,8.97,43.04,4.28,54,18,8,0,2,2017,42.7,68.68,4.36,5.7,40.26,3.74,4.98,60.13,4.16,9.26
P0058,groceries,2017-03,70.05,3214.13,9.73,45.88,4.28,49,20,8,0,3,2017,43.04,40.09,3.74,2.39,72.94,4.33,5.83,40.41,4.52,4.24
P0058,groceries,2017-04,63.42,2947.67,9.12,46.48,4.28,47,20,8,0,4,2017,45.88,35.56,4.35,4.17,41.81,4.54,2.31,23.54,3.43,1.65
P0058,groceries,2017-05,66.92,3161.9,9.92,47.25,4.28,54,20,8,0,5,2017,46.48,69.31,4.04,13.14,76.57,3.55,16.41,105.87,4.38,12.35
P0058,groceries,2017-06,57.04,2655.89,9.44,46.56,4.28,32,20,8,0,6,2017,47.25,59.25,2.88,3.28,60.68,4.05,11.3,86.55,3.68,17.57
P0058,groceries,2017-07,54.46,2460.09,9.04,45.17,4.28,36,20,8,0,7,2017,46.56,54.8,3.9,9.28,57.22,5.0,10.46,60.2,4.33,5.3
P0058,groceries,2017-08,39.18,1825.22,8.65,46.58,4.28,32,20,8,0,8,2017,45.17,62.39,3.65,5.32,70.97,4.29,8.3,74.79,4.26,3.54
P0058,groceries,2017-09,39.92,1881.53,9.43,47.13,4.28,29,20,8,0,9,2017,46.58,109.49,4.0,18.29,76.24,3.68,5.74,71.7,4.24,7.57
P0058,groceries,2017-10,40.49,1889.15,8.57,46.65,4.28,24,20,8,0,10,2017,47.13,33.86,3.86,2.36,36.06,4.05,2.7,34.68,4.07,5.45
P0058,groceries,2017-11,63.38,2896.04,9.4,45.7,4.28,38,20,8,1,11,2017,46.65,61.34,3.41,3.85,118.13,3.65,15.08,52.31,4.27,9.88
P0058,groceries,2017-12,78.6,3393.45,8.96,43.18,4.28,64,20,8,1,12,2017,45.7,84.94,4.73,11.96,139.37,3.65,14.76,76.63,4.84,15.94
P0058,groceries,2018-01,52.36,2281.45,8.82,43.57,4.28,33,20,8,0,1,2018,43.18,30.6,4.27,2.78,68.96,3.72,3.95,48.01,3.82,9.3
P0058,groceries,2018-02,65.68,2809.26,8.19,42.77,4.28,48,18,8,0,2,2018,43.57,97.58,3.38,12.42,104.95,3.74,9.21,136.13,3.64,18.11
P0058,groceries,2018-03,96.85,4149.49,8.6,42.84,4.28,77,20,8,0,3,2018,42.77,89.59,3.8,6.76,98.33,3.36,9.8,140.45,4.13,7.95
P0059,groceries,2017-01,36.89,1334.62,4.25,36.18,3.99,29,20,8,0,1,2017,36.18,50.88,4.67,7.9,47.83,4.96,8.89,57.08,4.06,9.4
P0059,groceries,2017-02,50.84,1878.44,3.87,36.95,3.99,45,18,8,0,2,2017,36.18,53.93,3.5,3.73,41.7,4.72,8.14,43.49,3.68,2.64
P0059,groceries,2017-03,47.13,1766.81,4.64,37.49,3.99,41,20,8,0,3,2017,36.95,46.04,4.8,8.45,69.4,4.37,5.8,39.18,3.83,6.16
P0059,groceries,2017-04,40.99,1622.54,4.2,39.59,3.99,27,20,8,0,4,2017,37.49,40.78,4.57,2.39,32.78,4.09,5.05,39.07,4.39,4.0
P0059,groceries,2017-05,54.85,2205.61,4.25,40.21,3.99,50,20,8,0,5,2017,39.59,105.87,3.7,8.49,60.2,2.81,3.24,86.04,3.51,9.19
P0059,groceries,2017-06,39.32,1521.89,4.69,38.7,3.99,32,20,8,0,6,2017,40.21,109.08,3.62,8.33,62.25,3.99,11.87,80.56,3.65,16.51
P0059,groceries,2017-07,50.8,1897.43,4.4,37.35,3.99,31,20,8,0,7,2017,38.7,54.03,3.87,9.43,61.82,4.43,6.35,69.63,4.17,4.6
P0059,groceries,2017-08,33.58,1327.75,4.7,39.54,3.99,37,20,8,0,8,2017,37.35,90.28,4.61,16.56,54.92,3.3,7.19,77.21,4.39,3.53
P0059,groceries,2017-09,31.05,1186.98,4.44,38.23,3.99,19,20,8,0,9,2017,39.54,56.76,3.65,11.01,76.35,3.69,5.59,115.67,3.97,17.83
P0059,groceries,2017-10,35.54,1342.23,4.04,37.77,3.99,19,20,8,0,10,2017,38.23,26.16,4.07,1.67,31.61,3.8,2.42,24.9,4.26,2.35
P0059,groceries,2017-11,43.67,1715.25,4.19,39.28,3.99,25,20,8,1,11,2017,37.77,37.3,4.43,4.76,75.82,4.81,11.11,73.25,4.75,15.48
P0059,groceries,2017-12,38.55,1562.38,5.03,40.53,3.99,22,20,8,1,12,2017,39.28,54.78,3.43,3.42,79.38,4.66,12.55,40.33,4.24,4.71
P0059,groceries,2018-01,34.23,1359.4,4.94,39.71,3.99,22,20,8,0,1,2018,40.53,36.36,2.52,6.3,50.68,3.74,5.76,31.42,4.92,6.59
P0059,groceries,2018-02,42.38,1667.03,4.89,39.33,3.99,25,18,8,0,2,2018,39.71,137.41,4.17,9.28,104.52,3.72,9.49,130.66,3.79,18.91
P0059,groceries,2018-03,61.74,2285.14,4.36,37.01,3.99,59,20,8,0,3,2018,39.33,127.47,3.6,17.71,147.54,4.01,28.54,85.9,3.76,6.75
P0060,groceries,2017-01,61.36,1878.5,2.3,30.62,3.87,37,20,8,0,1,2017,30.62,47.34,4.63,7.6,74.86,4.59,5.04,45.09,4.79,9.66
P0060,groceries,2017-02,48.2,1465.3,2.25,30.4,3.87,48,18,8,0,2,2017,30.62,53.39,3.46,3.72,43.24,4.52,5.09,38.4,3.88,6.46
P0060,groceries,2017-03,62.68,1915.18,2.56,30.56,3.87,56,20,8,0,3,2017,30.4,43.07,3.78,2.35,39.81,3.88,6.55,39.41,4.52,3.92
P0060,groceries,2017-04,66.42,2018.52,2.53,30.39,3.87,39,20,8,0,4,2017,30.56,35.95,4.48,4.17,34.97,4.17,5.04,59.19,3.78,11.48
P0060,groceries,2017-05,73.11,2244.16,2.35,30.7,3.87,60,20,8,0,5,2017,30.39,56.77,2.94,3.26,83.35,3.56,16.11,108.51,3.6,8.42
P0060,groceries,2017-06,54.57,1794.55,2.78,32.88,3.87,37,20,8,0,6,2017,30.7,55.56,2.82,3.26,60.31,4.02,11.56,110.46,3.63,8.5
P0060,groceries,2017-07,44.61,1477.01,2.63,33.11,3.87,28,20,8,0,7,2017,32.88,62.32,4.5,6.32,68.83,3.97,4.75,82.48,4.38,13.3
P0060,groceries,2017-08,41.11,1363.12,2.41,33.16,3.87,29,20,8,0,8,2017,33.11,57.4,4.12,4.29,97.55,4.51,16.78,68.76,4.27,7.86
P0060,groceries,2017-09,35.71,1175.2,2.5,32.91,3.87,21,20,8,0,9,2017,33.16,56.78,3.64,11.47,59.86,3.25,8.01,98.62,4.64,15.93
P0060,groceries,2017-10,32.69,1063.22,2.78,32.53,3.87,25,20,8,0,10,2017,32.91,33.27,4.11,5.52,46.39,4.22,8.26,33.62,3.99,1.76
P0060,groceries,2017-11,38.41,1288.17,2.9,33.53,3.87,19,20,8,1,11,2017,32.53,79.01,4.67,15.46,51.01,4.12,9.82,128.57,3.62,14.64
P0060,groceries,2017-12,68.88,2224.2,2.69,32.29,3.87,60,20,8,1,12,2017,33.53,144.34,3.65,17.02,78.43,4.7,11.99,108.58,3.47,19.41
P0060,groceries,2018-01,58.8,1884.39,2.65,32.05,3.87,39,20,8,0,1,2018,32.29,55.19,3.68,9.28,50.96,3.69,8.82,31.34,4.37,2.77
P0060,groceries,2018-02,56.48,1746.66,2.39,30.93,3.87,40,18,8,0,2,2018,32.05,144.42,3.97,8.64,102.36,3.3,11.69,93.35,3.34,9.51
P0060,groceries,2018-03,67.4,2095.74,2.53,31.09,3.87,55,20,8,0,3,2018,30.93,86.26,3.41,12.28,98.1,3.38,10.45,129.07,3.26,23.35
P0061,groceries,2017-01,63.51,1416.27,1.28,22.3,4.09,47,20,8,0,1,2017,22.3,58.66,4.16,6.41,45.49,4.04,6.93,82.07,4.58,5.27
P0061,groceries,2017-02,70.96,1624.95,1.49,22.9,4.09,55,18,8,0,2,2017,22.3,53.38,3.46,3.69,37.76,4.09,6.31,45.79,3.78,2.74
P0061,groceries,2017-03,70.45,1662.27,1.45,23.6,4.09,48,20,8,0,3,2017,22.9,57.06,3.4,3.32,42.09,3.77,6.4,68.59,4.41,5.59
P0061,groceries,2017-04,67.59,1610.81,1.56,23.83,4.09,48,20,8,0,4,2017,23.6,60.97,3.4,10.62,47.17,4.05,4.1,34.27,4.23,5.08
P0061,groceries,2017-05,79.87,1970.55,1.43,24.67,4.09,64,20,8,0,5,2017,23.83,99.57,4.33,12.62,91.43,3.26,18.97,81.91,3.56,16.1
P0061,groceries,2017-06,59.44,1507.5,1.58,25.36,4.09,28,20,8,0,6,2017,24.67,115.36,4.39,13.03,84.98,3.65,16.83,64.56,4.15,11.28
P0061,groceries,2017-07,62.43,1567.07,1.7,25.1,4.09,54,20,8,0,7,2017,25.36,73.54,4.13,4.69,62.96,3.73,7.55,70.76,3.43,4.93
P0061,groceries,2017-08,54.77,1364.7,1.68,24.92,4.09,43,20,8,0,8,2017,25.1,89.98,4.58,16.75,80.62,4.19,3.5,64.94,3.66,11.94
P0061,groceries,2017-09,46.28,1074.8,1.6,23.22,4.09,36,20,8,0,9,2017,24.92,56.2,3.25,8.16,112.44,4.1,18.15,94.1,4.7,15.97
P0061,groceries,2017-10,53.97,1256.59,1.57,23.28,4.09,50,20,8,0,10,2017,23.22,24.1,4.17,2.22,40.0,4.09,4.77,33.67,4.05,5.62
P0061,groceries,2017-11,67.99,1572.13,1.33,23.12,4.09,57,20,8,1,11,2017,23.28,73.54,4.84,10.54,111.63,3.37,18.21,35.99,4.46,4.81
P0061,groceries,2017-12,64.39,1407.61,1.28,21.86,4.09,42,20,8,1,12,2017,23.12,59.12,3.35,3.59,51.8,4.21,8.16,144.62,3.59,13.56
P0061,groceries,2018-01,94.78,2049.7,1.3,21.63,4.09,77,20,8,0,1,2018,21.86,48.59,3.91,5.52,50.11,3.79,8.53,30.65,4.28,2.74
P0061,groceries,2018-02,84.42,1887.1,1.32,22.35,4.09,59,18,8,0,2,2018,21.63,136.08,3.23,24.23,95.19,3.46,6.96,98.13,3.39,9.11
P0061,groceries,2018-03,96.43,2074.07,1.35,21.51,4.09,68,20,8,0,3,2018,22.35,156.23,4.06,28.4,92.47,3.68,7.12,126.75,3.28,22.35
P0062,groceries,2017-01,52.1,1271.19,2.79,24.4,4.17,29,20,8,0,1,2017,24.4,58.16,3.57,7.02,58.34,4.17,6.57,46.59,2.77,8.56
P0062,groceries,2017-02,68.11,1675.32,2.4,24.6,4.17,62,18,8,0,2,2017,24.4,60.17,4.01,8.97,67.94,4.31,5.4,46.45,3.74,2.83
P0062,groceries,2017-03,63.99,1553.07,2.5,24.27,4.17,40,20,8,0,3,2017,24.6,43.8,3.71,2.36,71.28,4.42,6.07,39.23,4.01,6.48
P0062,groceries,2017-04,77.27,1858.59,2.72,24.05,4.17,57,20,8,0,4,2017,24.27,23.95,3.39,1.62,47.13,4.71,5.92,46.57,4.17,4.31
P0062,groceries,2017-05,78.24,1921.0,2.69,24.55,4.17,56,20,8,0,5,2017,24.05,82.72,3.52,9.69,80.14,3.61,15.46,98.92,3.62,7.85
P0062,groceries,2017-06,67.75,1584.44,2.39,23.39,4.17,54,20,8,0,6,2017,24.55,90.37,3.32,17.5,118.32,4.47,12.27,58.65,2.9,3.16
P0062,groceries,2017-07,46.81,1162.65,2.57,24.84,4.17,23,20,8,0,7,2017,23.39,72.52,3.36,4.85,65.8,3.65,7.77,69.56,3.96,4.77
P0062,groceries,2017-08,57.46,1382.81,2.28,24.06,4.17,33,20,8,0,8,2017,24.84,69.92,4.12,8.24,55.97,4.29,4.2,94.5,4.64,15.75
P0062,groceries,2017-09,50.45,1182.46,2.62,23.44,4.17,28,20,8,0,9,2017,24.06,77.47,4.21,4.0,77.35,3.68,5.65,109.5,4.05,18.1
P0062,groceries,2017-10,48.57,1180.48,2.7,24.31,4.17,37,20,8,0,10,2017,23.44,34.45,3.92,2.32,48.02,4.34,8.28,35.42,3.86,1.76
P0062,groceries,2017-11,44.4,1098.55,2.52,24.74,4.17,38,20,8,1,11,2017,24.31,119.52,3.65,15.6,53.62,4.24,9.79,77.65,4.89,14.65
P0062,groceries,2017-12,50.88,1296.89,2.75,25.49,4.17,34,20,8,1,12,2017,24.74,79.29,4.81,16.18,81.43,4.73,12.93,54.45,3.51,3.5
P0062,groceries,2018-01,44.83,1162.1,2.66,25.92,4.17,37,20,8,0,1,2018,25.49,31.6,4.94,6.59,103.58,4.3,18.74,50.01,3.85,8.75
P0062,groceries,2018-02,60.15,1553.25,2.63,25.82,4.17,51,18,8,0,2,2018,25.92,145.29,3.99,9.29,114.22,3.76,9.31,151.61,4.07,27.11
P0062,groceries,2018-03,78.77,1935.87,2.62,24.57,4.17,52,20,8,0,3,2018,25.82,89.43,3.81,6.9,94.73,3.43,11.65,161.17,3.99,28.45
P0063,groceries,2017-01,91.82,3067.57,1.63,33.41,3.94,74,20,8,0,1,2017,33.41,56.6,3.44,7.27,55.44,3.94,9.33,42.33,3.97,7.49
P0063,groceries,2017-02,71.87,2420.62,1.71,33.68,3.94,62,18,8,0,2,2017,33.41,56.39,3.4,3.52,69.74,4.24,5.53,41.33,4.86,7.78
P0063,groceries,2017-03,74.44,2508.14,1.85,33.7,3.94,65,20,8,0,3,2017,33.68,54.87,4.22,7.96,40.68,3.7,6.02,40.02,3.98,6.62
P0063,groceries,2017-04,116.6,3688.9,1.72,31.64,3.94,91,20,8,0,4,2017,33.7,23.02,3.46,1.61,41.64,4.53,2.51,63.17,3.78,11.83
P0063,groceries,2017-05,105.46,3484.03,1.8,33.04,3.94,97,20,8,0,5,2017,31.64,94.14,3.32,17.89,58.66,2.9,3.17,68.75,4.02,12.67
P0063,groceries,2017-06,72.59,2535.28,1.95,34.92,3.94,51,20,8,0,6,2017,33.04,87.99,3.19,18.34,91.18,3.37,9.42,64.55,4.09,11.38
P0063,groceries,2017-07,74.08,2685.86,1.78,36.26,3.94,63,20,8,0,7,2017,34.92,55.77,4.23,5.16,61.44,3.7,8.09,57.63,5.13,11.24
P0063,groceries,2017-08,67.31,2347.08,1.77,34.87,3.94,56,20,8,0,8,2017,36.26,74.88,4.15,3.78,92.79,4.58,15.71,68.58,4.17,8.08
P0063,groceries,2017-09,66.61,2342.35,1.83,35.16,3.94,60,20,8,0,9,2017,34.87,59.33,4.24,4.56,76.67,3.54,5.79,52.73,3.5,11.69
P0063,groceries,2017-10,76.32,2503.97,1.92,32.81,3.94,57,20,8,0,10,2017,35.16,24.66,4.15,2.34,45.62,4.16,8.62,34.41,3.8,2.52
P0063,groceries,2017-11,63.0,2185.56,2.04,34.69,3.94,31,20,8,1,11,2017,32.81,58.05,3.47,3.71,112.15,3.33,17.81,76.08,4.81,11.18
P0063,groceries,2017-12,63.15,2058.63,1.72,32.6,3.94,52,20,8,1,12,2017,34.69,56.25,3.47,3.49,81.05,4.74,15.83,111.77,3.44,19.53
P0063,groceries,2018-01,84.48,2805.51,1.78,33.21,3.94,64,20,8,0,1,2018,32.6,108.39,4.33,18.51,52.55,3.86,5.78,31.21,4.78,6.18
P0063,groceries,2018-02,82.37,2841.32,1.98,34.49,3.94,65,18,8,0,2,2018,33.21,136.17,3.19,26.12,157.16,4.03,25.45,107.15,3.81,8.89
P0063,groceries,2018-03,83.89,2996.1,1.8,35.71,3.94,75,20,8,0,3,2018,34.49,98.86,3.4,7.57,86.56,3.71,6.96,125.5,3.19,22.43
P0064,groceries,2017-01,24.97,796.84,2.58,31.92,4.15,14,20,8,0,1,2017,31.92,46.18,4.09,7.12,57.86,3.54,7.38,77.94,4.58,5.12
P0064,groceries,2017-02,36.97,1128.01,2.47,30.52,4.15,21,18,8,0,2,2017,31.92,44.82,3.63,2.66,52.89,3.53,3.38,36.97,3.88,5.45
P0064,groceries,2017-03,53.43,1633.97,2.49,30.58,4.15,48,20,8,0,3,2017,30.52,43.25,4.75,8.1,40.56,3.66,2.42,40.05,4.51,4.01
P0064,groceries,2017-04,38.6,1176.46,2.45,30.48,4.15,22,20,8,0,4,2017,30.58,37.22,4.37,4.11,63.83,3.75,12.26,23.48,3.41,1.73
P0064,groceries,2017-05,42.92,1330.29,2.49,30.99,4.15,24,20,8,0,5,2017,30.48,78.36,3.6,15.95,60.16,2.85,3.15,103.45,4.37,12.72
P0064,groceries,2017-06,31.04,993.99,2.94,32.02,4.15,18,20,8,0,6,2017,30.99,119.42,4.32,12.63,57.25,2.93,3.1,84.99,3.68,17.22
P0064,groceries,2017-07,25.44,828.78,2.96,32.58,4.15,10,20,8,0,7,2017,32.02,70.83,4.02,4.57,82.88,4.31,13.37,55.35,5.12,11.23
P0064,groceries,2017-08,25.69,884.78,2.78,34.44,4.15,23,20,8,0,8,2017,32.58,107.8,4.13,17.64,64.49,3.54,12.49,75.01,4.22,3.76
P0064,groceries,2017-09,19.45,673.86,3.02,34.64,4.15,16,20,8,0,9,2017,34.44,96.02,4.64,15.76,106.97,4.04,17.48,59.7,4.14,4.73
P0064,groceries,2017-10,22.49,760.57,2.69,33.82,4.15,16,20,8,0,10,2017,34.64,33.14,3.88,1.76,24.63,4.09,2.3,23.98,4.0,1.67
P0064,groceries,2017-11,34.13,1195.47,3.16,35.03,4.15,26,20,8,1,11,2017,33.82,121.6,3.62,15.46,111.97,3.45,17.52,74.49,4.85,10.95
P0064,groceries,2017-12,19.1,653.62,2.6,34.21,4.15,14,20,8,1,12,2017,35.03,51.39,4.19,8.09,108.1,3.34,19.67,137.63,3.72,16.5
P0064,groceries,2018-01,33.94,1157.03,2.8,34.09,4.15,26,20,8,0,1,2018,34.21,50.36,3.76,8.93,32.56,4.46,2.94,55.61,3.61,9.28
P0064,groceries,2018-02,43.25,1465.29,2.74,33.88,4.15,32,18,8,0,2,2018,34.09,97.45,3.3,9.5,135.93,3.64,17.76,152.02,4.02,26.24
P0064,groceries,2018-03,38.36,1203.3,2.48,31.37,4.15,30,20,8,0,3,2018,33.88,157.4,3.96,29.86,92.81,3.85,6.58,133.35,3.18,22.28
P0065,books,2017-01,47.06,2563.18,3.22,54.46,3.46,36,20,8,0,1,2017,54.46,42.81,4.01,8.66,50.82,4.58,7.84,53.95,4.0,9.82
P0065,books,2017-02,49.45,2712.85,3.53,54.86,3.46,40,18,8,0,2,2017,54.46,40.21,3.97,6.14,37.58,3.84,5.8,40.08,4.44,4.49
P0065,books,2017-03,62.74,3412.68,3.56,54.4,3.46,35,20,8,0,3,2017,54.86,44.43,3.73,2.94,58.59,4.09,7.91,43.81,4.79,8.28
P0065,books,2017-04,67.94,3676.38,3.44,54.11,3.46,43,20,8,0,4,2017,54.4,67.38,3.43,11.47,38.67,4.44,2.23,22.5,3.3,1.67
P0065,books,2017-05,62.51,3251.4,3.03,52.01,3.46,42,20,8,0,5,2017,54.11,109.27,4.31,10.69,93.28,3.44,10.3,61.12,2.83,3.12
P0065,books,2017-06,66.08,3465.68,2.92,52.45,3.46,54,20,8,0,6,2017,52.01,73.96,3.37,6.26,119.45,4.53,13.21,87.1,3.3,15.58
P0065,books,2017-07,47.88,2638.98,3.6,55.12,3.46,34,20,8,0,7,2017,52.45,61.61,4.97,9.8,51.94,3.95,7.93,76.26,4.05,5.22
P0065,books,2017-08,35.83,1958.92,3.65,54.67,3.46,29,20,8,0,8,2017,55.12,53.9,3.27,7.85,55.6,4.15,4.4,73.85,4.19,8.11
P0065,books,2017-09,42.72,2295.04,3.28,53.72,3.46,44,20,8,0,9,2017,54.67,60.65,4.16,5.05,56.02,3.65,10.45,77.48,3.61,5.79
P0065,books,2017-10,42.4,2237.68,3.37,52.78,3.46,36,20,8,0,10,2017,53.72,22.8,4.14,2.54,33.22,3.91,2.44,39.5,4.01,4.41
P0065,books,2017-11,40.12,2256.08,3.32,56.23,3.46,22,20,8,1,11,2017,52.78,117.63,3.69,14.84,35.19,4.44,4.38,60.87,3.51,4.04
P0065,books,2017-12,56.64,3041.71,3.53,53.7,3.46,41,20,8,1,12,2017,56.23,51.34,4.28,8.23,59.4,3.46,3.83,35.64,4.41,4.34
P0065,books,2018-01,33.07,1822.6,3.46,55.12,3.46,16,20,8,0,1,2018,53.7,53.27,3.56,10.42,66.2,3.86,4.19,47.73,3.93,6.09
P0065,books,2018-02,39.14,2157.75,3.43,55.13,3.46,31,18,8,0,2,2018,55.12,132.95,3.6,18.01,102.92,3.55,8.21,135.6,3.34,22.82
P0065,books,2018-03,45.01,2614.11,3.51,58.08,3.46,36,20,8,0,3,2018,55.13,133.2,3.19,22.04,134.26,3.77,17.94,138.31,4.11,8.39
P0066,books,2017-01,42.8,1948.15,8.43,45.52,4.73,28,20,8,0,1,2017,45.52,41.17,3.89,8.37,48.43,2.81,8.91,50.34,4.49,8.06
P0066,books,2017-02,57.67,2603.71,7.91,45.14,4.73,47,18,8,0,2,2017,45.52,43.75,3.66,2.53,39.18,4.38,4.3,38.73,3.8,5.39
P0066,books,2017-03,56.32,2417.18,8.15,42.92,4.73,46,20,8,0,3,2017,45.14,57.88,4.18,7.98,40.38,4.07,6.42,54.68,3.56,3.44
P0066,books,2017-04,56.57,2541.51,8.98,44.93,4.73,34,20,8,0,4,2017,42.92,45.6,4.1,4.23,36.48,4.19,5.89,23.79,3.32,1.65
P0066,books,2017-05,56.15,2620.57,8.07,46.67,4.73,47,20,8,0,5,2017,44.93,58.12,2.83,3.24,81.73,3.73,16.36,66.59,4.01,12.37
P0066,books,2017-06,52.31,2343.19,7.93,44.79,4.73,54,20,8,0,6,2017,46.67,85.31,3.3,15.33,56.75,2.82,3.32,85.56,3.38,10.12
P0066,books,2017-07,40.89,1865.63,8.64,45.62,4.73,41,20,8,0,7,2017,44.79,55.91,4.22,4.63,59.32,5.12,10.04,75.92,4.13,5.07
P0066,books,2017-08,41.11,1820.82,8.59,44.29,4.73,34,20,8,0,8,2017,45.62,120.06,4.15,17.9,95.63,4.6,19.45,67.43,3.72,4.82
P0066,books,2017-09,33.27,1437.09,8.41,43.2,4.73,21,20,8,0,9,2017,44.29,61.1,4.3,4.74,81.81,3.61,5.56,53.59,3.23,7.57
P0066,books,2017-10,30.6,1259.9,7.62,41.18,4.73,23,20,8,0,10,2017,43.2,31.19,4.25,5.02,38.96,4.02,4.29,23.95,4.07,2.61
P0066,books,2017-11,41.05,1756.73,8.21,42.79,4.73,25,20,8,1,11,2017,41.18,72.25,4.92,14.73,117.14,3.78,15.66,37.57,4.26,4.28
P0066,books,2017-12,38.69,1675.24,7.69,43.3,4.73,33,20,8,1,12,2017,42.79,37.58,4.41,4.1,51.12,4.14,7.87,60.49,3.36,3.6
P0066,books,2018-01,49.18,2165.36,8.48,44.02,4.73,40,20,8,0,1,2018,43.3,112.66,4.27,19.64,31.05,4.36,2.81,31.7,4.94,6.09
P0066,books,2018-02,58.71,2694.75,8.71,45.9,4.73,41,18,8,0,2,2018,44.02,108.98,3.73,9.04,140.51,3.93,22.96,135.8,4.17,7.87
P0066,books,2018-03,55.1,2559.84,9.14,46.46,4.73,37,20,8,0,3,2018,45.9,91.65,3.71,7.21,154.76,4.05,28.1,91.72,3.25,11.6
P0067,books,2017-01,30.91,1227.04,6.57,39.69,3.99,24,20,8,0,1,2017,39.69,45.96,2.78,8.79,59.63,4.08,7.02,47.53,4.83,8.97
P0067,books,2017-02,36.19,1464.46,6.92,40.47,3.99,28,18,8,0,2,2017,39.69,72.28,4.31,5.58,44.76,4.74,8.73,55.59,3.51,3.53
P0067,books,2017-03,42.84,1670.73,6.55,39.0,3.99,27,20,8,0,3,2017,40.47,39.89,3.78,5.61,65.09,4.3,5.57,46.72,4.73,9.06
P0067,books,2017-04,45.43,1770.22,5.92,38.96,3.99,43,20,8,0,4,2017,39.0,38.85,4.41,2.19,35.86,4.12,5.72,49.48,4.76,7.05
P0067,books,2017-05,41.66,1564.58,6.26,37.56,3.99,28,20,8,0,5,2017,38.96,56.95,2.85,2.99,113.28,3.68,8.41,90.55,3.53,9.76
P0067,books,2017-06,50.54,1856.0,5.46,36.72,3.99,37,20,8,0,6,2017,37.56,81.58,3.57,15.9,85.68,3.54,10.6,109.54,4.48,13.72
P0067,books,2017-07,35.59,1315.3,5.54,36.96,3.99,34,20,8,0,7,2017,36.72,53.54,4.09,8.36,78.69,3.38,5.31,64.86,4.3,6.04
P0067,books,2017-08,41.11,1583.21,6.48,38.51,3.99,26,20,8,0,8,2017,36.96,58.54,4.11,4.23,62.66,3.53,4.84,61.47,3.66,12.76
P0067,books,2017-09,25.78,1056.95,6.24,40.99,3.99,19,20,8,0,9,2017,38.51,60.41,4.19,4.87,54.38,3.31,7.83,114.83,4.0,15.17
P0067,books,2017-10,25.23,994.87,5.9,39.43,3.99,19,20,8,0,10,2017,40.99,35.34,4.22,3.03,24.33,4.04,1.63,46.92,4.19,9.15
P0067,books,2017-11,34.78,1376.26,6.05,39.57,3.99,25,20,8,1,11,2017,39.43,115.62,3.59,13.38,72.37,4.81,9.61,58.68,3.41,3.97
P0067,books,2017-12,35.42,1395.55,6.43,39.4,3.99,24,20,8,1,12,2017,39.57,81.9,4.62,11.93,36.33,4.39,4.35,131.21,3.72,14.86
P0067,books,2018-01,26.6,1062.81,6.59,39.96,3.99,24,20,8,0,1,2018,39.4,56.83,3.61,10.11,48.83,3.79,8.98,71.53,3.69,4.04
P0067,books,2018-02,42.33,1714.42,6.73,40.5,3.99,32,18,8,0,2,2018,39.96,146.78,3.93,22.76,134.89,3.99,7.67,138.04,3.34,22.59
P0067,books,2018-03,46.15,1878.23,6.23,40.7,3.99,31,20,8,0,3,2018,40.5,89.5,3.3,11.67,132.57,3.98,8.82,139.07,3.79,19.0
P0068,books,2017-01,167.7,6156.91,4.65,36.71,3.8,127,20,8,0,1,2017,36.71,74.44,4.64,5.12,46.27,2.81,8.64,43.7,4.97,8.31
P0068,books,2017-02,155.81,5815.88,4.95,37.33,3.8,120,18,8,0,2,2017,36.71,41.99,4.34,4.28,38.6,3.94,5.92,62.03,4.07,7.82
P0068,books,2017-03,172.84,6638.78,5.2,38.41,3.8,137,20,8,0,3,2017,37.33,46.71,4.84,8.83,59.65,4.1,7.71,39.47,4.03,7.03
P0068,books,2017-04,142.91,5393.32,5.53,37.74,3.8,131,20,8,0,4,2017,38.41,63.48,3.65,9.97,23.36,3.39,1.73,37.05,4.44,3.7
P0068,books,2017-05,138.11,5523.46,6.02,39.99,3.8,119,20,8,0,5,2017,37.74,90.3,3.26,17.92,101.05,4.31,11.08,80.33,3.55,16.19
P0068,books,2017-06,181.46,7149.46,4.94,39.4,3.8,151,20,8,0,6,2017,39.99,81.78,3.71,16.83,57.71,2.89,3.16,110.31,3.64,7.56
P0068,books,2017-07,144.09,5539.23,5.35,38.44,3.8,107,20,8,0,7,2017,39.4,58.65,3.59,7.62,79.99,3.46,5.72,75.47,4.44,12.46
P0068,books,2017-08,102.48,3964.14,5.19,38.68,3.8,65,20,8,0,8,2017,38.44,60.48,4.16,4.31,65.12,3.7,4.76,51.31,3.26,7.39
P0068,books,2017-09,129.69,4962.06,4.75,38.26,3.8,105,20,8,0,9,2017,38.68,56.13,3.42,7.37,62.4,4.26,4.67,83.4,3.69,5.53
P0068,books,2017-10,82.43,3020.51,4.96,36.64,3.8,69,20,8,0,10,2017,38.26,33.96,4.05,3.1,37.1,3.88,4.37,23.6,4.1,1.54
P0068,books,2017-11,138.58,5098.12,5.14,36.79,3.8,92,20,8,1,11,2017,36.64,123.09,3.69,13.13,75.18,4.85,10.23,76.92,4.74,15.07
P0068,books,2017-12,107.82,4178.37,4.89,38.75,3.8,97,20,8,1,12,2017,36.79,131.08,3.59,14.78,139.81,3.66,15.18,52.71,4.13,8.3
P0068,books,2018-01,146.85,6003.62,6.17,40.88,3.8,93,20,8,0,1,2018,38.75,46.76,3.77,9.39,34.86,2.48,6.33,50.6,3.77,6.19
P0068,books,2018-02,113.51,4515.29,5.56,39.78,3.8,100,18,8,0,2,2018,40.88,147.08,3.93,23.84,135.08,4.08,7.6,96.93,3.51,7.94
P0068,books,2018-03,120.06,4863.71,5.05,40.51,3.8,100,20,8,0,3,2018,39.78,150.58,4.07,30.2,129.18,3.19,22.92,131.15,4.14,8.35
P0069,books,2017-01,33.79,1999.24,8.16,59.17,4.11,21,20,8,0,1,2017,59.17,75.73,4.72,4.97,55.42,3.9,9.61,45.03,4.81,9.12
P0069,books,2017-02,34.85,2078.37,8.62,59.63,4.11,14,18,8,0,2,2017,59.17,39.0,4.38,4.31,72.22,4.45,5.25,55.37,3.39,3.32
P0069,books,2017-03,36.53,2256.27,9.03,61.77,4.11,23,20,8,0,3,2017,59.63,41.62,4.39,4.43,68.14,4.49,5.49,39.9,4.01,6.48
P0069,books,2017-04,49.09,3085.15,8.01,62.85,4.11,47,20,8,0,4,2017,61.77,38.31,4.49,2.37,44.81,4.08,4.18,36.99,4.05,5.68
P0069,books,2017-05,30.0,1876.02,8.7,62.54,4.11,28,20,8,0,5,2017,62.85,71.95,3.26,6.22,82.97,3.62,16.9,69.91,4.02,12.96
P0069,books,2017-06,46.05,2779.16,7.82,60.35,4.11,28,20,8,0,6,2017,62.54,115.48,4.46,14.0,84.47,3.51,10.47,74.77,3.37,6.2
P0069,books,2017-07,34.81,2024.28,7.34,58.15,4.11,31,20,8,0,7,2017,60.35,57.44,4.97,10.05,63.0,3.6,6.93,56.12,4.34,4.99
P0069,books,2017-08,30.23,1758.26,7.81,58.16,4.11,26,20,8,0,8,2017,58.15,54.21,3.26,7.61,94.23,4.45,18.48,123.15,4.15,19.28
P0069,books,2017-09,27.3,1606.28,8.33,58.85,4.11,22,20,8,0,9,2017,58.16,80.0,3.52,5.74,91.47,4.59,15.3,54.21,3.52,10.84
P0069,books,2017-10,28.17,1683.37,8.23,59.75,4.11,23,20,8,0,10,2017,58.85,23.27,4.18,2.6,31.92,4.1,5.43,31.34,3.98,2.58
P0069,books,2017-11,23.86,1455.43,8.91,61.01,4.11,13,20,8,1,11,2017,59.75,37.09,4.22,4.37,58.99,3.43,3.92,77.87,4.79,10.4
P0069,books,2017-12,29.87,1864.6,8.18,62.43,4.11,24,20,8,1,12,2017,61.01,109.26,3.49,20.94,51.19,4.25,7.64,139.35,3.73,15.33
P0069,books,2018-01,29.47,1698.9,8.0,57.66,4.11,17,20,8,0,1,2018,62.43,33.1,2.42,6.5,53.15,3.65,10.63,49.12,3.83,6.02
P0069,books,2018-02,33.75,2006.47,7.79,59.44,4.11,27,18,8,0,2,2018,57.66,104.03,3.86,9.0,138.34,3.78,18.02,149.48,4.0,22.86
P0069,books,2018-03,34.86,2005.21,7.28,57.52,4.11,36,20,8,0,3,2018,59.44,132.5,3.63,19.44,130.34,3.25,22.46,162.68,4.0,30.1
P0070,books,2017-01,100.0,4091.94,4.17,40.92,4.47,74,20,8,0,1,2017,40.92,52.12,3.96,9.66,54.37,4.22,6.85,47.39,2.88,8.57
P0070,books,2017-02,141.08,5801.68,4.26,41.12,4.47,141,18,8,0,2,2017,40.92,44.71,3.7,2.61,55.27,3.44,3.44,61.61,4.15,7.95
P0070,books,2017-03,168.4,7012.49,4.85,41.64,4.47,112,20,8,0,3,2017,41.12,40.66,3.97,6.81,45.49,4.72,9.03,41.06,3.66,2.98
P0070,books,2017-04,171.59,6982.73,4.39,40.69,4.47,142,20,8,0,4,2017,41.64,44.18,4.2,3.99,37.46,4.48,2.19,61.94,3.8,10.31
P0070,books,2017-05,153.03,6253.41,4.09,40.86,4.47,105,20,8,0,5,2017,40.69,69.35,3.36,6.16,90.55,3.37,17.59,93.37,3.56,10.03
P0070,books,2017-06,183.42,7053.8,4.36,38.46,4.47,169,20,8,0,6,2017,40.86,81.51,3.38,15.82,78.97,3.67,16.54,55.44,2.89,3.29
P0070,books,2017-07,150.52,6010.14,3.97,39.93,4.47,89,20,8,0,7,2017,38.46,53.5,3.99,8.07,62.45,4.31,5.72,73.29,3.98,4.84
P0070,books,2017-08,140.57,5550.65,4.2,39.49,4.47,97,20,8,0,8,2017,39.93,123.22,4.13,18.65,94.97,4.62,17.74,76.73,4.31,4.34
P0070,books,2017-09,102.22,3723.56,3.8,36.43,4.47,87,20,8,0,9,2017,39.49,71.9,4.36,3.74,77.02,3.55,5.77,60.32,4.17,4.91
P0070,books,2017-10,122.57,4677.69,3.83,38.16,4.47,95,20,8,0,10,2017,36.43,34.58,3.87,1.83,32.92,3.83,2.52,30.88,4.06,5.44
P0070,books,2017-11,119.44,4821.86,4.32,40.37,4.47,85,20,8,1,11,2017,38.16,71.54,4.8,10.21,52.33,4.14,9.69,61.07,3.36,3.86
P0070,books,2017-12,132.27,5186.98,3.94,39.21,4.47,77,20,8,1,12,2017,40.37,138.37,3.78,15.41,58.14,3.43,3.67,53.64,4.26,8.25
P0070,books,2018-01,129.42,5268.92,4.07,40.71,4.47,98,20,8,0,1,2018,39.21,48.54,3.75,5.93,111.39,4.25,20.94,50.67,3.67,8.99
P0070,books,2018-02,140.03,5552.94,4.46,39.65,4.47,112,18,8,0,2,2018,40.71,88.33,3.31,11.52,140.8,4.0,7.4,100.31,3.58,8.03
P0070,books,2018-03,215.02,7945.68,4.4,36.95,4.47,147,20,8,0,3,2018,39.65,154.2,3.92,28.31,93.93,3.79,6.83,130.48,3.25,23.08
P0071,books,2017-01,40.83,1806.81,2.75,44.25,3.68,35,20,8,0,1,2017,44.25,73.88,4.71,4.91,40.85,4.06,8.65,50.46,4.5,7.95
P0071,books,2017-02,44.41,1987.62,2.68,44.76,3.68,26,18,8,0,2,2017,44.25,62.22,4.19,7.85,53.11,3.47,3.4,36.27,3.75,5.81
P0071,books,2017-03,71.4,3208.12,2.71,44.93,3.68,63,20,8,0,3,2017,44.76,42.52,3.94,6.8,56.04,3.44,3.36,40.95,4.59,4.52
P0071,books,2017-04,50.56,2277.13,2.55,45.04,3.68,42,20,8,0,4,2017,44.93,38.16,4.52,2.21,35.9,4.43,3.59,62.19,3.41,11.06
P0071,books,2017-05,57.28,2600.22,2.6,45.39,3.68,46,20,8,0,5,2017,45.04,69.75,3.38,6.76,114.02,3.59,8.21,76.89,3.71,17.09
P0071,books,2017-06,55.56,2532.63,3.02,45.58,3.68,37,20,8,0,6,2017,45.39,115.96,3.55,7.24,57.38,2.86,3.27,72.93,3.38,6.14
P0071,books,2017-07,49.17,2220.79,2.88,45.17,3.68,44,20,8,0,7,2017,45.58,75.68,4.33,13.36,64.79,4.51,5.93,75.12,3.38,5.39
P0071,books,2017-08,40.1,1776.14,2.59,44.29,3.68,29,20,8,0,8,2017,45.17,73.79,4.27,8.07,65.64,3.64,12.77,78.41,4.38,4.05
P0071,books,2017-09,30.59,1346.18,2.49,44.0,3.68,17,20,8,0,9,2017,44.29,67.27,4.27,7.61,71.21,4.18,3.98,53.66,3.23,7.55
P0071,books,2017-10,31.83,1388.94,2.82,43.64,3.68,25,20,8,0,10,2017,44.0,45.69,4.41,9.05,31.46,3.98,2.44,24.04,4.25,2.56
P0071,books,2017-11,43.41,1883.86,2.55,43.4,3.68,43,20,8,1,11,2017,43.64,109.4,3.36,21.26,57.58,3.41,4.03,115.58,3.65,13.03
P0071,books,2017-12,46.27,1948.54,2.77,42.12,3.68,32,20,8,1,12,2017,43.4,53.31,4.11,7.92,81.0,4.81,12.5,139.86,3.63,15.23
P0071,books,2018-01,41.45,1731.94,2.38,41.78,3.68,23,20,8,0,1,2018,42.12,46.78,3.83,6.2,34.17,4.75,5.99,109.21,4.22,20.87
P0071,books,2018-02,50.61,2142.35,2.89,42.33,3.68,23,18,8,0,2,2018,41.78,105.11,3.46,7.87,154.18,3.9,22.57,109.58,3.65,8.79
P0071,books,2018-03,59.45,2562.88,2.69,43.11,3.68,46,20,8,0,3,2018,42.33,135.47,3.99,9.02,133.23,3.25,23.06,92.87,3.7,6.87
P0072,books,2017-01,30.83,2053.15,5.65,66.6,4.37,27,20,8,0,1,2017,66.6,51.94,4.66,7.91,56.06,4.1,9.65,48.08,2.79,9.08
P0072,books,2017-02,34.16,2263.13,5.63,66.26,4.37,29,18,8,0,2,2017,66.6,43.26,4.71,8.63,38.59,3.76,5.75,40.1,4.6,4.39
P0072,books,2017-03,42.26,2848.24,5.66,67.4,4.37,34,20,8,0,3,2017,66.26,48.14,4.63,8.83,43.84,3.58,3.03,40.87,3.94,7.05
P0072,books,2017-04,36.51,2516.91,5.51,68.93,4.37,29,20,8,0,4,2017,67.4,45.19,4.07,4.16,23.93,3.41,1.67,40.14,4.43,2.21
P0072,books,2017-05,35.28,2467.98,5.81,69.96,4.37,41,20,8,0,5,2017,68.93,56.4,2.89,3.17,68.79,3.28,6.68,103.87,4.4,10.88
P0072,books,2017-06,32.32,2132.48,5.59,65.97,4.37,26,20,8,0,6,2017,69.96,70.88,3.24,6.33,83.9,3.46,9.67,80.87,3.65,16.96
P0072,books,2017-07,29.87,1946.58,5.66,65.18,4.37,18,20,8,0,7,2017,65.97,60.1,4.92,9.5,53.68,4.19,4.63,78.49,4.39,13.12
P0072,books,2017-08,28.96,1935.46,5.17,66.82,4.37,25,20,8,0,8,2017,65.18,51.14,3.26,7.94,83.61,4.22,4.08,57.58,4.1,4.4
P0072,books,2017-09,22.52,1527.97,5.36,67.84,4.37,19,20,8,0,9,2017,66.82,95.53,4.71,15.79,75.76,4.23,3.9,56.79,3.28,7.53
P0072,books,2017-10,18.5,1277.45,5.53,69.04,4.37,17,20,8,0,10,2017,67.84,31.51,4.06,5.33,23.47,3.98,1.55,23.24,4.23,2.69
P0072,books,2017-11,27.64,1916.14,5.42,69.32,4.37,27,20,8,1,11,2017,69.04,115.22,3.56,15.63,59.76,3.51,4.1,106.9,3.39,22.01
P0072,books,2017-12,38.42,2582.43,4.9,67.22,4.37,22,20,8,1,12,2017,69.32,60.41,3.38,3.84,133.73,3.58,15.04,38.26,4.37,4.13
P0072,books,2018-01,26.6,1851.28,5.88,69.6,4.37,24,20,8,0,1,2018,67.22,49.24,3.75,9.38,111.29,4.32,20.54,66.7,3.76,4.34
P0072,books,2018-02,42.42,2818.73,5.77,66.45,4.37,23,18,8,0,2,2018,69.6,89.43,3.3,11.39,94.39,3.41,10.12,133.1,3.77,18.85
P0072,books,2018-03,35.42,2425.14,5.88,68.46,4.37,19,20,8,0,3,2018,66.45,155.04,3.97,28.18,93.37,3.26,10.02,142.54,3.8,17.68
P0073,garden,2017-01,47.46,4714.8,17.12,99.34,4.58,35,20,8,0,1,2017,99.34,52.58,4.62,7.87,57.82,3.88,10.03,43.87,4.95,9.2
P0073,garden,2017-02,48.23,4579.2,17.25,94.95,4.58,42,18,8,0,2,2017,99.34,41.15,3.77,5.92,39.01,4.02,6.24,46.57,3.64,2.51
P0073,garden,2017-03,55.37,5229.34,16.49,94.44,4.58,33,20,8,0,3,2017,94.95,66.95,4.28,5.64,48.52,4.67,9.18,41.85,4.08,5.98
P0073,garden,2017-04,69.03,6818.47,18.61,98.77,4.58,49,20,8,0,4,2017,94.44,64.83,3.36,11.21,34.11,4.39,3.34,22.69,3.45,1.67
P0073,garden,2017-05,62.15,6035.64,17.42,97.11,4.58,54,20,8,0,5,2017,98.77,64.77,4.2,12.03,92.44,3.4,9.63,100.82,4.41,11.8
P0073,garden,2017-06,53.89,5056.97,14.97,93.84,4.58,43,20,8,0,6,2017,97.11,60.77,4.06,11.43,118.41,3.55,7.93,77.09,3.25,6.02
P0073,garden,2017-07,51.33,4815.11,15.48,93.81,4.58,41,20,8,0,7,2017,93.84,54.56,5.12,9.21,51.09,3.94,8.46,51.78,4.11,5.09
P0073,garden,2017-08,35.15,3240.95,16.56,92.21,4.58,24,20,8,0,8,2017,93.81,66.16,3.66,12.74,54.99,4.23,4.59,126.22,4.05,19.13
P0073,garden,2017-09,31.49,2820.47,14.9,89.56,4.58,24,20,8,0,9,2017,92.21,74.54,4.27,3.48,59.96,4.26,4.49,69.26,4.18,7.94
P0073,garden,2017-10,31.49,2907.24,16.14,92.34,4.58,18,20,8,0,10,2017,89.56,33.46,4.15,2.62,31.4,3.91,2.79,47.11,4.3,8.71
P0073,garden,2017-11,41.31,3955.93,16.57,95.77,4.58,29,20,8,1,11,2017,92.34,58.64,3.35,4.01,105.82,3.36,21.17,123.62,3.76,13.65
P0073,garden,2017-12,49.75,4710.09,16.49,94.67,4.58,33,20,8,1,12,2017,95.77,36.61,4.26,4.3,139.82,3.6,16.62,55.73,3.5,3.48
P0073,garden,2018-01,49.01,4751.02,15.73,96.94,4.58,30,20,8,0,1,2018,94.67,30.86,4.42,2.66,69.5,3.7,4.37,48.04,3.83,8.36
P0073,garden,2018-02,50.12,4818.92,15.43,96.15,4.58,50,18,8,0,2,2018,96.94,97.66,3.56,7.27,125.92,3.58,17.21,97.66,3.79,8.79
P0073,garden,2018-03,65.16,6277.01,17.96,96.34,4.58,39,20,8,0,3,2018,96.15,141.32,3.99,8.69,93.54,3.73,7.09,94.24,3.43,9.07
P0074,garden,2017-01,53.65,3326.35,10.81,62.0,3.6,34,20,8,0,1,2017,62.0,76.41,4.5,5.27,51.54,4.53,7.91,55.07,3.56,7.49
P0074,garden,2017-02,46.14,2986.71,10.93,64.73,3.6,35,18,8,0,2,2017,62.0,44.01,3.64,2.5,38.97,3.98,6.04,62.49,4.09,8.66
P0074,garden,2017-03,45.23,2950.28,12.07,65.23,3.6,32,20,8,0,3,2017,64.73,60.09,4.15,7.4,38.32,4.54,4.19,58.12,3.37,3.53
P0074,garden,2017-04,50.8,3192.85,12.78,62.86,3.6,44,20,8,0,4,2017,65.23,49.23,4.2,4.62,23.42,3.42,1.82,34.59,4.1,5.97
P0074,garden,2017-05,60.2,3831.64,12.43,63.65,3.6,44,20,8,0,5,2017,62.86,77.93,3.57,16.22,59.19,2.8,2.89,69.45,3.28,5.41
P0074,garden,2017-06,58.27,3668.19,12.12,62.96,3.6,37,20,8,0,6,2017,63.65,57.49,2.79,3.07,72.35,3.37,5.61,117.13,4.38,12.63
P0074,garden,2017-07,33.35,2064.89,11.96,61.91,3.6,26,20,8,0,7,2017,62.96,77.09,4.12,4.3,75.5,3.37,4.76,60.93,4.42,5.65
P0074,garden,2017-08,41.72,2516.95,11.55,60.34,3.6,24,20,8,0,8,2017,61.91,67.85,3.66,4.7,127.52,4.04,18.52,73.44,4.21,3.84
P0074,garden,2017-09,28.37,1716.29,10.89,60.5,3.6,19,20,8,0,9,2017,60.34,63.69,4.22,4.61,96.01,4.54,17.91,73.68,3.67,5.79
P0074,garden,2017-10,35.92,2175.89,11.78,60.58,3.6,18,20,8,0,10,2017,60.5,32.17,4.22,2.79,25.12,4.15,2.6,32.97,3.96,1.85
P0074,garden,2017-11,47.9,2874.92,11.59,60.01,3.6,37,20,8,1,11,2017,60.58,55.26,3.45,4.06,118.77,3.72,13.97,53.06,4.14,8.01
P0074,garden,2017-12,52.21,3012.73,10.12,57.7,3.6,42,20,8,1,12,2017,60.01,55.91,3.36,3.4,135.83,3.71,16.92,143.61,3.77,16.63
P0074,garden,2018-01,61.91,3413.92,11.23,55.15,3.6,56,20,8,0,1,2018,57.7,109.68,4.29,18.47,30.73,4.44,2.89,51.81,3.81,6.52
P0074,garden,2018-02,52.56,2963.29,11.0,56.38,3.6,43,18,8,0,2,2018,55.15,92.87,3.33,12.41,149.34,3.95,24.86,141.84,4.09,8.3
P0074,garden,2018-03,70.04,4028.13,10.93,57.51,3.6,43,20,8,0,3,2018,56.38,141.26,3.71,19.91,86.64,3.41,13.02,92.08,3.72,6.88
P0075,garden,2017-01,17.98,1273.92,7.94,70.86,4.18,15,20,8,0,1,2017,70.86,53.61,3.39,7.7,58.48,3.93,10.0,56.04,4.24,6.93
P0075,garden,2017-02,25.12,1754.56,7.3,69.85,4.18,20,18,8,0,2,2017,70.86,45.63,3.74,2.6,67.66,4.26,5.65,53.29,3.45,2.96
P0075,garden,2017-03,18.61,1328.71,8.08,71.38,4.18,14,20,8,0,3,2017,69.85,55.66,3.42,3.66,38.36,4.35,4.24,56.83,4.0,7.29
P0075,garden,2017-04,25.66,1874.19,7.89,73.03,4.18,30,20,8,0,4,2017,71.38,45.87,4.05,4.57,47.37,4.89,6.13,65.84,3.28,11.92
P0075,garden,2017-05,21.6,1553.48,7.75,71.93,4.18,21,20,8,0,5,2017,73.03,92.76,3.24,16.93,86.82,3.39,9.41,101.58,4.48,12.27
P0075,garden,2017-06,18.48,1316.78,7.43,71.27,4.18,9,20,8,0,6,2017,71.93,113.32,4.52,12.76,59.47,4.21,11.46,118.27,3.63,8.3
P0075,garden,2017-07,27.18,1894.31,8.22,69.7,4.18,18,20,8,0,7,2017,71.27,52.96,4.35,5.43,78.89,3.4,4.65,75.94,4.11,4.43
P0075,garden,2017-08,15.87,1154.56,7.9,72.76,4.18,13,20,8,0,8,2017,69.7,68.36,3.61,4.79,57.07,4.32,4.37,62.27,3.52,12.77
P0075,garden,2017-09,16.16,1112.14,8.19,68.81,4.18,11,20,8,0,9,2017,72.76,59.76,4.16,4.45,75.98,3.61,5.89,94.3,4.69,17.13
P0075,garden,2017-10,18.02,1232.6,7.93,68.39,4.18,16,20,8,0,10,2017,68.81,31.11,3.95,2.69,24.04,4.0,1.57,32.2,4.27,2.57
P0075,garden,2017-11,20.43,1447.45,7.42,70.86,4.18,14,20,8,1,11,2017,68.39,105.07,3.47,21.56,122.68,3.68,13.6,73.67,4.86,13.15
P0075,garden,2017-12,21.14,1479.5,7.87,69.99,4.18,18,20,8,1,12,2017,70.86,78.45,4.65,14.67,139.92,3.7,15.82,140.24,3.77,16.38
P0075,garden,2018-01,19.62,1340.47,7.38,68.33,4.18,7,20,8,0,1,2018,69.99,33.8,2.48,5.39,105.47,4.35,19.54,48.91,3.94,6.48
P0075,garden,2018-02,22.28,1526.97,7.67,68.52,4.18,19,18,8,0,2,2018,68.33,101.58,3.31,8.65,124.12,3.69,17.75,89.74,3.38,11.97
P0075,garden,2018-03,23.28,1612.37,7.83,69.27,4.18,19,20,8,0,3,2018,68.52,122.67,3.31,24.23,95.51,3.33,9.24,138.69,3.68,19.14
P0076,garden,2017-01,28.29,2165.88,4.17,76.56,4.27,13,20,8,0,1,2017,76.56,54.45,3.58,7.62,47.24,5.05,8.9,40.9,3.9,7.09
P0076,garden,2017-02,29.16,2245.28,4.11,77.0,4.27,15,18,8,0,2,2017,76.56,41.61,4.34,4.28,64.28,4.19,8.35,47.38,4.69,8.01
P0076,garden,2017-03,33.24,2607.01,3.61,78.44,4.27,24,20,8,0,3,2017,77.0,57.75,4.11,7.18,42.08,4.01,6.25,59.14,3.51,3.55
P0076,garden,2017-04,36.41,2916.74,4.24,80.1,4.27,31,20,8,0,4,2017,78.44,36.22,4.15,6.0,59.59,3.82,11.47,66.75,3.39,11.31
P0076,garden,2017-05,32.84,2524.66,3.85,76.87,4.27,13,20,8,0,5,2017,80.1,110.28,3.59,7.87,64.46,4.21,11.8,100.86,4.44,11.56
P0076,garden,2017-06,30.36,2300.89,3.89,75.78,4.27,29,20,8,0,6,2017,76.87,76.76,3.43,5.95,88.14,3.25,15.57,80.08,3.53,15.57
P0076,garden,2017-07,30.26,2349.93,4.04,77.67,4.27,31,20,8,0,7,2017,75.78,62.87,3.65,8.67,56.2,4.28,5.17,74.02,4.29,12.29
P0076,garden,2017-08,29.83,2339.37,3.75,78.41,4.27,27,20,8,0,8,2017,77.67,66.84,3.63,4.93,51.64,3.28,6.86,70.38,4.28,8.07
P0076,garden,2017-09,17.23,1352.05,4.06,78.47,4.27,15,20,8,0,9,2017,78.41,79.22,3.57,5.62,63.89,4.1,4.58,95.25,4.62,18.17
P0076,garden,2017-10,15.98,1270.22,3.84,79.51,4.27,8,20,8,0,10,2017,78.47,32.16,4.13,2.7,32.69,4.17,4.73,44.94,4.2,8.84
P0076,garden,2017-11,21.2,1718.02,3.8,81.03,4.27,10,20,8,1,11,2017,79.51,34.81,4.37,3.64,116.79,3.68,13.03,68.5,4.68,13.06
P0076,garden,2017-12,24.61,1925.12,3.85,78.23,4.27,23,20,8,1,12,2017,81.03,84.99,4.83,11.68,37.13,4.39,4.22,134.84,3.71,15.57
P0076,garden,2018-01,33.08,2481.08,3.88,75.01,4.27,22,20,8,0,1,2018,78.23,29.13,4.44,2.72,49.42,3.81,6.33,109.9,4.2,18.3
P0076,garden,2018-02,27.41,1985.95,3.9,72.45,4.27,28,18,8,0,2,2018,75.01,135.61,4.14,8.16,92.67,3.51,7.19,91.29,3.33,11.95
P0076,garden,2018-03,30.2,2327.51,3.62,77.07,4.27,15,20,8,0,3,2018,72.45,149.56,4.1,24.54,145.1,4.15,7.95,123.72,3.25,25.13
P0077,garden,2017-01,43.53,2430.96,4.45,55.84,4.22,34,20,8,0,1,2017,55.84,75.2,4.55,5.07,56.82,4.15,6.41,38.6,3.99,7.44
P0077,garden,2017-02,60.85,3390.0,4.4,55.71,4.22,52,18,8,0,2,2017,55.84,67.24,4.47,5.55,52.97,3.55,3.06,37.02,3.9,6.46
P0077,garden,2017-03,57.77,3216.59,4.28,55.68,4.22,45,20,8,0,3,2017,55.71,37.87,4.57,4.2,43.34,3.58,2.64,65.05,4.27,5.9
P0077,garden,2017-04,47.36,2735.93,4.31,57.76,4.22,29,20,8,0,4,2017,55.68,58.73,3.76,11.36,63.77,3.3,11.41,35.21,4.15,5.65
P0077,garden,2017-05,64.47,3529.3,4.45,54.74,4.22,46,20,8,0,5,2017,57.76,110.36,4.32,12.09,94.33,3.29,16.82,89.96,3.42,9.94
P0077,garden,2017-06,63.56,3503.03,4.34,55.11,4.22,53,20,8,0,6,2017,54.74,116.56,3.58,8.31,84.41,3.42,9.26,117.83,4.35,12.84
P0077,garden,2017-07,45.43,2616.49,4.22,57.6,4.22,34,20,8,0,7,2017,55.11,76.95,4.41,13.14,61.27,3.55,8.89,55.19,4.3,5.24
P0077,garden,2017-08,33.14,1973.05,4.8,59.54,4.22,28,20,8,0,8,2017,57.6,96.1,4.6,17.37,51.39,3.37,6.76,61.44,3.62,12.97
P0077,garden,2017-09,32.94,1975.35,4.57,59.96,4.22,35,20,8,0,9,2017,59.54,69.99,4.21,8.1,55.17,3.54,10.75,114.09,4.08,16.58
P0077,garden,2017-10,34.57,2045.7,4.27,59.17,4.22,18,20,8,0,10,2017,59.96,37.32,3.9,3.87,32.13,4.2,4.51,46.87,4.22,8.87
P0077,garden,2017-11,39.81,2467.4,4.94,61.98,4.22,25,20,8,1,11,2017,59.17,114.64,3.67,13.19,118.97,3.68,13.8,52.01,4.24,8.41
P0077,garden,2017-12,52.23,3052.76,4.34,58.44,4.22,43,20,8,1,12,2017,61.98,132.56,3.67,16.93,81.43,4.59,11.58,50.94,4.2,7.72
P0077,garden,2018-01,40.97,2459.01,4.59,60.02,4.22,26,20,8,0,1,2018,58.44,70.29,3.76,4.4,47.58,3.76,8.46,51.29,3.74,6.8
P0077,garden,2018-02,49.04,2969.15,4.83,60.55,4.22,39,18,8,0,2,2018,60.02,128.49,3.78,17.59,98.09,3.3,9.06,101.54,3.66,8.89
P0077,garden,2018-03,46.47,2841.1,4.4,61.14,4.22,32,20,8,0,3,2018,60.55,99.84,3.47,6.78,145.51,4.05,24.6,128.39,3.23,23.63
P0078,garden,2017-01,129.93,6813.69,6.45,52.44,3.33,96,20,8,0,1,2017,52.44,78.31,4.75,5.15,55.06,3.56,7.32,60.73,4.1,6.77
P0078,garden,2017-02,178.39,9401.28,6.53,52.7,3.33,126,18,8,0,2,2017,52.44,52.05,3.54,3.1,37.93,4.1,6.43,44.62,3.66,2.61
P0078,garden,2017-03,161.48,8728.44,7.43,54.05,3.33,108,20,8,0,3,2017,52.7,39.57,3.94,6.11,59.06,4.21,7.12,42.56,3.58,2.72
P0078,garden,2017-04,171.78,8923.85,7.62,51.95,3.33,125,20,8,0,4,2017,54.05,56.98,3.64,11.01,45.26,4.07,4.41,47.42,4.88,6.16
P0078,garden,2017-05,156.57,7831.06,6.63,50.02,3.33,123,20,8,0,5,2017,51.95,71.3,3.24,5.75,87.59,3.38,17.27,90.75,3.47,9.48
P0078,garden,2017-06,156.69,7923.81,7.3,50.57,3.33,133,20,8,0,6,2017,50.02,76.54,3.34,6.02,120.05,3.66,8.68,83.52,3.35,14.68
P0078,garden,2017-07,166.88,8489.22,7.35,50.87,3.33,131,20,8,0,7,2017,50.57,50.08,3.96,8.93,78.93,4.33,12.58,59.37,4.88,9.21
P0078,garden,2017-08,110.21,5653.83,6.48,51.3,3.33,90,20,8,0,8,2017,50.87,54.38,4.29,4.35,73.41,4.17,3.91,101.85,4.6,16.81
P0078,garden,2017-09,103.54,5579.72,7.29,53.89,3.33,76,20,8,0,9,2017,51.3,78.22,4.36,3.52,99.72,4.48,17.14,58.92,4.34,4.26
P0078,garden,2017-10,84.79,4468.99,6.93,52.71,3.33,68,20,8,0,10,2017,53.89,22.65,4.2,1.55,35.95,3.89,4.18,30.0,4.12,4.77
P0078,garden,2017-11,138.42,7444.05,7.1,53.78,3.33,87,20,8,1,11,2017,52.71,120.09,3.74,13.68,75.29,4.63,9.74,59.4,3.37,3.91
P0078,garden,2017-12,156.64,8476.88,7.77,54.12,3.33,149,20,8,1,12,2017,53.78,56.07,3.44,3.56,118.94,3.43,22.17,81.83,4.68,11.39
P0078,garden,2018-01,101.77,5851.68,7.89,57.5,3.33,81,20,8,0,1,2018,54.12,34.8,4.88,6.72,47.64,3.78,8.24,30.29,4.4,2.67
P0078,garden,2018-02,146.04,7957.19,7.75,54.49,3.33,94,18,8,0,2,2018,57.5,91.87,3.42,12.97,97.69,3.46,7.79,129.19,3.62,18.26
P0078,garden,2018-03,141.07,7514.51,6.91,53.27,3.33,111,20,8,0,3,2018,54.49,125.42,3.31,24.37,92.24,3.84,7.24,91.23,3.39,12.23
P0079,garden,2017-01,33.86,3778.35,15.64,111.59,4.08,19,20,8,0,1,2017,111.59,77.66,4.61,4.97,55.59,3.41,7.16,54.4,4.02,9.53
P0079,garden,2017-02,24.43,2841.78,18.27,116.3,4.08,18,18,8,0,2,2017,111.59,50.4,3.52,3.11,40.38,4.37,4.18,64.19,4.04,8.84
P0079,garden,2017-03,28.0,3164.66,17.76,113.04,4.08,21,20,8,0,3,2017,116.3,59.73,3.47,3.35,56.74,4.11,7.62,41.21,4.07,6.37
P0079,garden,2017-04,41.77,4957.89,18.63,118.69,4.08,37,20,8,0,4,2017,113.04,34.62,4.49,3.6,22.97,3.45,1.8,58.22,3.77,11.34
P0079,garden,2017-05,39.41,4857.97,19.44,123.28,4.08,34,20,8,0,5,2017,118.69,66.03,4.11,11.1,81.83,3.71,17.32,87.73,3.37,9.99
P0079,garden,2017-06,28.27,3524.83,17.47,124.69,4.08,24,20,8,0,6,2017,123.28,89.98,3.21,15.36,79.1,3.73,15.89,55.83,2.93,3.01
P0079,garden,2017-07,27.79,3458.56,16.46,124.44,4.08,22,20,8,0,7,2017,124.69,73.78,3.32,4.78,79.85,4.37,12.93,51.59,4.21,5.31
P0079,garden,2017-08,24.86,2919.81,16.39,117.47,4.08,18,20,8,0,8,2017,124.44,95.59,4.46,16.94,70.4,3.51,4.55,60.84,3.57,12.42
P0079,garden,2017-09,23.33,2740.24,17.19,117.44,4.08,14,20,8,0,9,2017,117.47,71.84,4.1,7.81,58.76,3.66,11.4,93.81,4.64,17.17
P0079,garden,2017-10,25.26,2827.94,16.87,111.93,4.08,23,20,8,0,10,2017,117.44,32.98,4.25,4.63,25.43,4.26,2.63,33.64,4.25,2.66
P0079,garden,2017-11,28.36,3144.3,16.88,110.88,4.08,28,20,8,1,11,2017,111.93,75.85,4.62,10.24,106.16,3.31,21.68,54.11,4.2,8.21
P0079,garden,2017-12,51.78,5794.54,15.99,111.91,4.08,47,20,8,1,12,2017,110.88,77.88,4.66,11.65,83.35,4.79,15.1,36.21,4.3,4.41
P0079,garden,2018-01,31.81,3532.72,17.66,111.05,4.08,26,20,8,0,1,2018,111.91,32.35,4.92,6.4,29.55,4.31,2.78,35.0,2.39,5.51
P0079,garden,2018-02,33.47,3835.73,15.19,114.59,4.08,32,18,8,0,2,2018,111.05,97.44,3.73,8.33,92.64,3.4,7.62,103.17,3.35,8.75
P0079,garden,2018-03,35.17,4007.32,16.19,113.93,4.08,27,20,8,0,3,2018,114.59,138.87,4.14,8.39,102.41,3.53,6.81,86.12,3.43,11.99
P0080,garden,2017-01,8.37,580.4,4.85,69.36,3.62,4,20,8,0,1,2017,69.36,59.59,4.11,6.62,40.68,4.04,7.41,51.78,4.47,7.89
P0080,garden,2017-02,8.31,561.38,4.69,67.55,3.62,2,18,8,0,2,2017,69.36,63.24,4.06,8.97,40.99,4.49,4.28,39.25,3.73,5.85
P0080,garden,2017-03,10.11,662.93,5.3,65.55,3.62,8,20,8,0,3,2017,67.55,37.08,4.39,4.49,48.5,4.66,8.73,41.26,4.03,6.02
P0080,garden,2017-04,12.14,800.72,4.68,65.94,3.62,8,20,8,0,4,2017,65.55,60.66,3.7,11.54,36.96,4.38,3.37,44.78,4.08,4.61
P0080,garden,2017-05,9.61,669.65,4.77,69.68,3.62,6,20,8,0,5,2017,65.94,90.85,3.52,9.83,56.35,2.79,3.06,83.57,3.65,17.52
P0080,garden,2017-06,6.18,440.0,5.19,71.24,3.62,2,20,8,0,6,2017,69.68,86.16,3.62,15.27,116.7,4.45,12.61,56.23,2.94,2.92
P0080,garden,2017-07,6.63,478.65,5.71,72.21,3.62,6,20,8,0,7,2017,71.24,58.97,4.96,9.47,55.41,4.22,5.15,64.56,3.64,8.86
P0080,garden,2017-08,7.78,540.58,5.24,69.48,3.62,6,20,8,0,8,2017,72.21,65.77,3.64,12.44,75.03,4.33,3.74,124.65,4.02,20.09
P0080,garden,2017-09,4.88,366.86,5.66,75.14,3.62,7,20,8,0,9,2017,69.48,79.98,4.36,3.54,60.79,4.21,4.33,55.71,3.55,10.6
P0080,garden,2017-10,4.24,316.52,5.84,74.72,3.62,5,20,8,0,10,2017,75.14,24.49,4.25,2.82,44.54,4.32,8.61,34.13,3.92,2.64
P0080,garden,2017-11,3.66,291.59,6.13,79.7,3.62,3,20,8,1,11,2017,74.72,58.3,3.48,3.83,32.56,4.45,3.55,105.62,3.48,20.47
P0080,garden,2017-12,4.61,354.15,6.18,76.76,3.62,2,20,8,1,12,2017,79.7,84.59,4.7,11.37,81.96,4.76,14.65,138.41,3.62,15.78
P0080,garden,2018-01,6.25,468.27,5.58,74.92,3.62,5,20,8,0,1,2018,76.76,48.2,3.73,8.55,113.29,4.33,19.31,51.4,3.66,9.38
P0080,garden,2018-02,5.96,478.43,5.67,80.26,3.62,10,18,8,0,2,2018,74.92,97.08,3.68,8.27,102.38,3.44,9.02,154.85,4.04,26.14
P0080,garden,2018-03,9.98,766.13,5.81,76.79,3.62,7,20,8,0,3,2018,80.26,91.88,3.85,6.73,143.87,4.03,24.59,95.11,3.38,9.55
